lon,lat
28.450001,76.85
28.450001,76.8625
28.450001,76.875
28.450001,76.8875
28.450001,76.9
28.450001,76.9125
28.450001,76.925
28.450001,76.9375
28.450001,76.95
28.450001,76.9625
28.450001,76.975
28.450001,76.9875
28.450001,77.0
28.450001,77.0125
28.450001,77.025
28.450001,77.0375
28.450001,77.05
28.450001,77.0625
28.450001,77.075
28.450001,77.0875
28.450001,77.1
28.450001,77.1125
28.450001,77.125
28.450001,77.1375
28.450001,77.15
28.450001,77.1625
28.450001,77.175
28.450001,77.1875
28.450001,77.2
28.450001,77.2125
28.450001,77.225
28.450001,77.2375
28.450001,77.25
28.462501,76.85
28.462501,76.8625
28.462501,76.875
28.462501,76.8875
28.462501,76.9
28.462501,76.9125
28.462501,76.925
28.462501,76.9375
28.462501,76.95
28.462501,76.9625
28.462501,76.975
28.462501,76.9875
28.462501,77.0
28.462501,77.0125
28.462501,77.025
28.462501,77.0375
28.462501,77.05
28.462501,77.0625
28.462501,77.075
28.462501,77.0875
28.462501,77.1
28.462501,77.1125
28.462501,77.125
28.462501,77.1375
28.462501,77.15
28.462501,77.1625
28.462501,77.175
28.462501,77.1875
28.462501,77.2
28.462501,77.2125
28.462501,77.225
28.462501,77.2375
28.462501,77.25
28.475001,76.85
28.475001,76.8625
28.475001,76.875
28.475001,76.8875
28.475001,76.9
28.475001,76.9125
28.475001,76.925
28.475001,76.9375
28.475001,76.95
28.475001,76.9625
28.475001,76.975
28.475001,76.9875
28.475001,77.0
28.475001,77.0125
28.475001,77.025
28.475001,77.0375
28.475001,77.05
28.475001,77.0625
28.475001,77.075
28.475001,77.0875
28.475001,77.1
28.475001,77.1125
28.475001,77.125
28.475001,77.1375
28.475001,77.15
28.475001,77.1625
28.475001,77.175
28.475001,77.1875
28.475001,77.2
28.475001,77.2125
28.475001,77.225
28.475001,77.2375
28.475001,77.25
28.487501,76.85
28.487501,76.8625
28.487501,76.875
28.487501,76.8875
28.487501,76.9
28.487501,76.9125
28.487501,76.925
28.487501,76.9375
28.487501,76.95
28.487501,76.9625
28.487501,76.975
28.487501,76.9875
28.487501,77.0
28.487501,77.0125
28.487501,77.025
28.487501,77.0375
28.487501,77.05
28.487501,77.0625
28.487501,77.075
28.487501,77.0875
28.487501,77.1
28.487501,77.1125
28.487501,77.125
28.487501,77.1375
28.487501,77.15
28.487501,77.1625
28.487501,77.175
28.487501,77.1875
28.487501,77.2
28.487501,77.2125
28.487501,77.225
28.487501,77.2375
28.487501,77.25
28.500001,76.85
28.500001,76.8625
28.500001,76.875
28.500001,76.8875
28.500001,76.9
28.500001,76.9125
28.500001,76.925
28.500001,76.9375
28.500001,76.95
28.500001,76.9625
28.500001,76.975
28.500001,76.9875
28.500001,77.0
28.500001,77.0125
28.500001,77.025
28.500001,77.0375
28.500001,77.05
28.500001,77.0625
28.500001,77.075
28.500001,77.0875
28.500001,77.1
28.500001,77.1125
28.500001,77.125
28.500001,77.1375
28.500001,77.15
28.500001,77.1625
28.500001,77.175
28.500001,77.1875
28.500001,77.2
28.500001,77.2125
28.500001,77.225
28.500001,77.2375
28.500001,77.25
28.512501,76.85
28.512501,76.8625
28.512501,76.875
28.512501,76.8875
28.512501,76.9
28.512501,76.9125
28.512501,76.925
28.512501,76.9375
28.512501,76.95
28.512501,76.9625
28.512501,76.975
28.512501,76.9875
28.512501,77.0
28.512501,77.0125
28.512501,77.025
28.512501,77.0375
28.512501,77.05
28.512501,77.0625
28.512501,77.075
28.512501,77.0875
28.512501,77.1
28.512501,77.1125
28.512501,77.125
28.512501,77.1375
28.512501,77.15
28.512501,77.1625
28.512501,77.175
28.512501,77.1875
28.512501,77.2
28.512501,77.2125
28.512501,77.225
28.512501,77.2375
28.512501,77.25
28.525001,76.85
28.525001,76.8625
28.525001,76.875
28.525001,76.8875
28.525001,76.9
28.525001,76.9125
28.525001,76.925
28.525001,76.9375
28.525001,76.95
28.525001,76.9625
28.525001,76.975
28.525001,76.9875
28.525001,77.0
28.525001,77.0125
28.525001,77.025
28.525001,77.0375
28.525001,77.05
28.525001,77.0625
28.525001,77.075
28.525001,77.0875
28.525001,77.1
28.525001,77.1125
28.525001,77.125
28.525001,77.1375
28.525001,77.15
28.525001,77.1625
28.525001,77.175
28.525001,77.1875
28.525001,77.2
28.525001,77.2125
28.525001,77.225
28.525001,77.2375
28.525001,77.25
28.537501,76.85
28.537501,76.8625
28.537501,76.875
28.537501,76.8875
28.537501,76.9
28.537501,76.9125
28.537501,76.925
28.537501,76.9375
28.537501,76.95
28.537501,76.9625
28.537501,76.975
28.537501,76.9875
28.537501,77.0
28.537501,77.0125
28.537501,77.025
28.537501,77.0375
28.537501,77.05
28.537501,77.0625
28.537501,77.075
28.537501,77.0875
28.537501,77.1
28.537501,77.1125
28.537501,77.125
28.537501,77.1375
28.537501,77.15
28.537501,77.1625
28.537501,77.175
28.537501,77.1875
28.537501,77.2
28.537501,77.2125
28.537501,77.225
28.537501,77.2375
28.537501,77.25
28.550001,76.85
28.550001,76.8625
28.550001,76.875
28.550001,76.8875
28.550001,76.9
28.550001,76.9125
28.550001,76.925
28.550001,76.9375
28.550001,76.95
28.550001,76.9625
28.550001,76.975
28.550001,76.9875
28.550001,77.0
28.550001,77.0125
28.550001,77.025
28.550001,77.0375
28.550001,77.05
28.550001,77.0625
28.550001,77.075
28.550001,77.0875
28.550001,77.1
28.550001,77.1125
28.550001,77.125
28.550001,77.1375
28.550001,77.15
28.550001,77.1625
28.550001,77.175
28.550001,77.1875
28.550001,77.2
28.550001,77.2125
28.550001,77.225
28.550001,77.2375
28.550001,77.25
28.562501,76.85
28.562501,76.8625
28.562501,76.875
28.562501,76.8875
28.562501,76.9
28.562501,76.9125
28.562501,76.925
28.562501,76.9375
28.562501,76.95
28.562501,76.9625
28.562501,76.975
28.562501,76.9875
28.562501,77.0
28.562501,77.0125
28.562501,77.025
28.562501,77.0375
28.562501,77.05
28.562501,77.0625
28.562501,77.075
28.562501,77.0875
28.562501,77.1
28.562501,77.1125
28.562501,77.125
28.562501,77.1375
28.562501,77.15
28.562501,77.1625
28.562501,77.175
28.562501,77.1875
28.562501,77.2
28.562501,77.2125
28.562501,77.225
28.562501,77.2375
28.562501,77.25
28.575001,76.85
28.575001,76.8625
28.575001,76.875
28.575001,76.8875
28.575001,76.9
28.575001,76.9125
28.575001,76.925
28.575001,76.9375
28.575001,76.95
28.575001,76.9625
28.575001,76.975
28.575001,76.9875
28.575001,77.0
28.575001,77.0125
28.575001,77.025
28.575001,77.0375
28.575001,77.05
28.575001,77.0625
28.575001,77.075
28.575001,77.0875
28.575001,77.1
28.575001,77.1125
28.575001,77.125
28.575001,77.1375
28.575001,77.15
28.575001,77.1625
28.575001,77.175
28.575001,77.1875
28.575001,77.2
28.575001,77.2125
28.575001,77.225
28.575001,77.2375
28.575001,77.25
28.587501,76.85
28.587501,76.8625
28.587501,76.875
28.587501,76.8875
28.587501,76.9
28.587501,76.9125
28.587501,76.925
28.587501,76.9375
28.587501,76.95
28.587501,76.9625
28.587501,76.975
28.587501,76.9875
28.587501,77.0
28.587501,77.0125
28.587501,77.025
28.587501,77.0375
28.587501,77.05
28.587501,77.0625
28.587501,77.075
28.587501,77.0875
28.587501,77.1
28.587501,77.1125
28.587501,77.125
28.587501,77.1375
28.587501,77.15
28.587501,77.1625
28.587501,77.175
28.587501,77.1875
28.587501,77.2
28.587501,77.2125
28.587501,77.225
28.587501,77.2375
28.587501,77.25
28.600001,76.85
28.600001,76.8625
28.600001,76.875
28.600001,76.8875
28.600001,76.9
28.600001,76.9125
28.600001,76.925
28.600001,76.9375
28.600001,76.95
28.600001,76.9625
28.600001,76.975
28.600001,76.9875
28.600001,77.0
28.600001,77.0125
28.600001,77.025
28.600001,77.0375
28.600001,77.05
28.600001,77.0625
28.600001,77.075
28.600001,77.0875
28.600001,77.1
28.600001,77.1125
28.600001,77.125
28.600001,77.1375
28.600001,77.15
28.600001,77.1625
28.600001,77.175
28.600001,77.1875
28.600001,77.2
28.600001,77.2125
28.600001,77.225
28.600001,77.2375
28.600001,77.25
28.612501,76.85
28.612501,76.8625
28.612501,76.875
28.612501,76.8875
28.612501,76.9
28.612501,76.9125
28.612501,76.925
28.612501,76.9375
28.612501,76.95
28.612501,76.9625
28.612501,76.975
28.612501,76.9875
28.612501,77.0
28.612501,77.0125
28.612501,77.025
28.612501,77.0375
28.612501,77.05
28.612501,77.0625
28.612501,77.075
28.612501,77.0875
28.612501,77.1
28.612501,77.1125
28.612501,77.125
28.612501,77.1375
28.612501,77.15
28.612501,77.1625
28.612501,77.175
28.612501,77.1875
28.612501,77.2
28.612501,77.2125
28.612501,77.225
28.612501,77.2375
28.612501,77.25
28.625001,76.85
28.625001,76.8625
28.625001,76.875
28.625001,76.8875
28.625001,76.9
28.625001,76.9125
28.625001,76.925
28.625001,76.9375
28.625001,76.95
28.625001,76.9625
28.625001,76.975
28.625001,76.9875
28.625001,77.0
28.625001,77.0125
28.625001,77.025
28.625001,77.0375
28.625001,77.05
28.625001,77.0625
28.625001,77.075
28.625001,77.0875
28.625001,77.1
28.625001,77.1125
28.625001,77.125
28.625001,77.1375
28.625001,77.15
28.625001,77.1625
28.625001,77.175
28.625001,77.1875
28.625001,77.2
28.625001,77.2125
28.625001,77.225
28.625001,77.2375
28.625001,77.25
28.637501,76.85
28.637501,76.8625
28.637501,76.875
28.637501,76.8875
28.637501,76.9
28.637501,76.9125
28.637501,76.925
28.637501,76.9375
28.637501,76.95
28.637501,76.9625
28.637501,76.975
28.637501,76.9875
28.637501,77.0
28.637501,77.0125
28.637501,77.025
28.637501,77.0375
28.637501,77.05
28.637501,77.0625
28.637501,77.075
28.637501,77.0875
28.637501,77.1
28.637501,77.1125
28.637501,77.125
28.637501,77.1375
28.637501,77.15
28.637501,77.1625
28.637501,77.175
28.637501,77.1875
28.637501,77.2
28.637501,77.2125
28.637501,77.225
28.637501,77.2375
28.637501,77.25
28.650001,76.85
28.650001,76.8625
28.650001,76.875
28.650001,76.8875
28.650001,76.9
28.650001,76.9125
28.650001,76.925
28.650001,76.9375
28.650001,76.95
28.650001,76.9625
28.650001,76.975
28.650001,76.9875
28.650001,77.0
28.650001,77.0125
28.650001,77.025
28.650001,77.0375
28.650001,77.05
28.650001,77.0625
28.650001,77.075
28.650001,77.0875
28.650001,77.1
28.650001,77.1125
28.650001,77.125
28.650001,77.1375
28.650001,77.15
28.650001,77.1625
28.650001,77.175
28.650001,77.1875
28.650001,77.2
28.650001,77.2125
28.650001,77.225
28.650001,77.2375
28.650001,77.25
28.662501,76.85
28.662501,76.8625
28.662501,76.875
28.662501,76.8875
28.662501,76.9
28.662501,76.9125
28.662501,76.925
28.662501,76.9375
28.662501,76.95
28.662501,76.9625
28.662501,76.975
28.662501,76.9875
28.662501,77.0
28.662501,77.0125
28.662501,77.025
28.662501,77.0375
28.662501,77.05
28.662501,77.0625
28.662501,77.075
28.662501,77.0875
28.662501,77.1
28.662501,77.1125
28.662501,77.125
28.662501,77.1375
28.662501,77.15
28.662501,77.1625
28.662501,77.175
28.662501,77.1875
28.662501,77.2
28.662501,77.2125
28.662501,77.225
28.662501,77.2375
28.662501,77.25
28.675001,76.85
28.675001,76.8625
28.675001,76.875
28.675001,76.8875
28.675001,76.9
28.675001,76.9125
28.675001,76.925
28.675001,76.9375
28.675001,76.95
28.675001,76.9625
28.675001,76.975
28.675001,76.9875
28.675001,77.0
28.675001,77.0125
28.675001,77.025
28.675001,77.0375
28.675001,77.05
28.675001,77.0625
28.675001,77.075
28.675001,77.0875
28.675001,77.1
28.675001,77.1125
28.675001,77.125
28.675001,77.1375
28.675001,77.15
28.675001,77.1625
28.675001,77.175
28.675001,77.1875
28.675001,77.2
28.675001,77.2125
28.675001,77.225
28.675001,77.2375
28.675001,77.25
28.687501,76.85
28.687501,76.8625
28.687501,76.875
28.687501,76.8875
28.687501,76.9
28.687501,76.9125
28.687501,76.925
28.687501,76.9375
28.687501,76.95
28.687501,76.9625
28.687501,76.975
28.687501,76.9875
28.687501,77.0
28.687501,77.0125
28.687501,77.025
28.687501,77.0375
28.687501,77.05
28.687501,77.0625
28.687501,77.075
28.687501,77.0875
28.687501,77.1
28.687501,77.1125
28.687501,77.125
28.687501,77.1375
28.687501,77.15
28.687501,77.1625
28.687501,77.175
28.687501,77.1875
28.687501,77.2
28.687501,77.2125
28.687501,77.225
28.687501,77.2375
28.687501,77.25
28.700001,76.85
28.700001,76.8625
28.700001,76.875
28.700001,76.8875
28.700001,76.9
28.700001,76.9125
28.700001,76.925
28.700001,76.9375
28.700001,76.95
28.700001,76.9625
28.700001,76.975
28.700001,76.9875
28.700001,77.0
28.700001,77.0125
28.700001,77.025
28.700001,77.0375
28.700001,77.05
28.700001,77.0625
28.700001,77.075
28.700001,77.0875
28.700001,77.1
28.700001,77.1125
28.700001,77.125
28.700001,77.1375
28.700001,77.15
28.700001,77.1625
28.700001,77.175
28.700001,77.1875
28.700001,77.2
28.700001,77.2125
28.700001,77.225
28.700001,77.2375
28.700001,77.25
28.712501,76.85
28.712501,76.8625
28.712501,76.875
28.712501,76.8875
28.712501,76.9
28.712501,76.9125
28.712501,76.925
28.712501,76.9375
28.712501,76.95
28.712501,76.9625
28.712501,76.975
28.712501,76.9875
28.712501,77.0
28.712501,77.0125
28.712501,77.025
28.712501,77.0375
28.712501,77.05
28.712501,77.0625
28.712501,77.075
28.712501,77.0875
28.712501,77.1
28.712501,77.1125
28.712501,77.125
28.712501,77.1375
28.712501,77.15
28.712501,77.1625
28.712501,77.175
28.712501,77.1875
28.712501,77.2
28.712501,77.2125
28.712501,77.225
28.712501,77.2375
28.712501,77.25
28.725001,76.85
28.725001,76.8625
28.725001,76.875
28.725001,76.8875
28.725001,76.9
28.725001,76.9125
28.725001,76.925
28.725001,76.9375
28.725001,76.95
28.725001,76.9625
28.725001,76.975
28.725001,76.9875
28.725001,77.0
28.725001,77.0125
28.725001,77.025
28.725001,77.0375
28.725001,77.05
28.725001,77.0625
28.725001,77.075
28.725001,77.0875
28.725001,77.1
28.725001,77.1125
28.725001,77.125
28.725001,77.1375
28.725001,77.15
28.725001,77.1625
28.725001,77.175
28.725001,77.1875
28.725001,77.2
28.725001,77.2125
28.725001,77.225
28.725001,77.2375
28.725001,77.25
28.7375,76.85
28.7375,76.8625
28.7375,76.875
28.7375,76.8875
28.7375,76.9
28.7375,76.9125
28.7375,76.925
28.7375,76.9375
28.7375,76.95
28.7375,76.9625
28.7375,76.975
28.7375,76.9875
28.7375,77.0
28.7375,77.0125
28.7375,77.025
28.7375,77.0375
28.7375,77.05
28.7375,77.0625
28.7375,77.075
28.7375,77.0875
28.7375,77.1
28.7375,77.1125
28.7375,77.125
28.7375,77.1375
28.7375,77.15
28.7375,77.1625
28.7375,77.175
28.7375,77.1875
28.7375,77.2
28.7375,77.2125
28.7375,77.225
28.7375,77.2375
28.7375,77.25
28.75,76.85
28.75,76.8625
28.75,76.875
28.75,76.8875
28.75,76.9
28.75,76.9125
28.75,76.925
28.75,76.9375
28.75,76.95
28.75,76.9625
28.75,76.975
28.75,76.9875
28.75,77.0
28.75,77.0125
28.75,77.025
28.75,77.0375
28.75,77.05
28.75,77.0625
28.75,77.075
28.75,77.0875
28.75,77.1
28.75,77.1125
28.75,77.125
28.75,77.1375
28.75,77.15
28.75,77.1625
28.75,77.175
28.75,77.1875
28.75,77.2
28.75,77.2125
28.75,77.225
28.75,77.2375
28.75,77.25
28.7625,76.85
28.7625,76.8625
28.7625,76.875
28.7625,76.8875
28.7625,76.9
28.7625,76.9125
28.7625,76.925
28.7625,76.9375
28.7625,76.95
28.7625,76.9625
28.7625,76.975
28.7625,76.9875
28.7625,77.0
28.7625,77.0125
28.7625,77.025
28.7625,77.0375
28.7625,77.05
28.7625,77.0625
28.7625,77.075
28.7625,77.0875
28.7625,77.1
28.7625,77.1125
28.7625,77.125
28.7625,77.1375
28.7625,77.15
28.7625,77.1625
28.7625,77.175
28.7625,77.1875
28.7625,77.2
28.7625,77.2125
28.7625,77.225
28.7625,77.2375
28.7625,77.25
28.775,76.85
28.775,76.8625
28.775,76.875
28.775,76.8875
28.775,76.9
28.775,76.9125
28.775,76.925
28.775,76.9375
28.775,76.95
28.775,76.9625
28.775,76.975
28.775,76.9875
28.775,77.0
28.775,77.0125
28.775,77.025
28.775,77.0375
28.775,77.05
28.775,77.0625
28.775,77.075
28.775,77.0875
28.775,77.1
28.775,77.1125
28.775,77.125
28.775,77.1375
28.775,77.15
28.775,77.1625
28.775,77.175
28.775,77.1875
28.775,77.2
28.775,77.2125
28.775,77.225
28.775,77.2375
28.775,77.25
28.7875,76.85
28.7875,76.8625
28.7875,76.875
28.7875,76.8875
28.7875,76.9
28.7875,76.9125
28.7875,76.925
28.7875,76.9375
28.7875,76.95
28.7875,76.9625
28.7875,76.975
28.7875,76.9875
28.7875,77.0
28.7875,77.0125
28.7875,77.025
28.7875,77.0375
28.7875,77.05
28.7875,77.0625
28.7875,77.075
28.7875,77.0875
28.7875,77.1
28.7875,77.1125
28.7875,77.125
28.7875,77.1375
28.7875,77.15
28.7875,77.1625
28.7875,77.175
28.7875,77.1875
28.7875,77.2
28.7875,77.2125
28.7875,77.225
28.7875,77.2375
28.7875,77.25
28.8,76.85
28.8,76.8625
28.8,76.875
28.8,76.8875
28.8,76.9
28.8,76.9125
28.8,76.925
28.8,76.9375
28.8,76.95
28.8,76.9625
28.8,76.975
28.8,76.9875
28.8,77.0
28.8,77.0125
28.8,77.025
28.8,77.0375
28.8,77.05
28.8,77.0625
28.8,77.075
28.8,77.0875
28.8,77.1
28.8,77.1125
28.8,77.125
28.8,77.1375
28.8,77.15
28.8,77.1625
28.8,77.175
28.8,77.1875
28.8,77.2
28.8,77.2125
28.8,77.225
28.8,77.2375
28.8,77.25
28.8125,76.85
28.8125,76.8625
28.8125,76.875
28.8125,76.8875
28.8125,76.9
28.8125,76.9125
28.8125,76.925
28.8125,76.9375
28.8125,76.95
28.8125,76.9625
28.8125,76.975
28.8125,76.9875
28.8125,77.0
28.8125,77.0125
28.8125,77.025
28.8125,77.0375
28.8125,77.05
28.8125,77.0625
28.8125,77.075
28.8125,77.0875
28.8125,77.1
28.8125,77.1125
28.8125,77.125
28.8125,77.1375
28.8125,77.15
28.8125,77.1625
28.8125,77.175
28.8125,77.1875
28.8125,77.2
28.8125,77.2125
28.8125,77.225
28.8125,77.2375
28.8125,77.25
28.825,76.85
28.825,76.8625
28.825,76.875
28.825,76.8875
28.825,76.9
28.825,76.9125
28.825,76.925
28.825,76.9375
28.825,76.95
28.825,76.9625
28.825,76.975
28.825,76.9875
28.825,77.0
28.825,77.0125
28.825,77.025
28.825,77.0375
28.825,77.05
28.825,77.0625
28.825,77.075
28.825,77.0875
28.825,77.1
28.825,77.1125
28.825,77.125
28.825,77.1375
28.825,77.15
28.825,77.1625
28.825,77.175
28.825,77.1875
28.825,77.2
28.825,77.2125
28.825,77.225
28.825,77.2375
28.825,77.25
28.8375,76.85
28.8375,76.8625
28.8375,76.875
28.8375,76.8875
28.8375,76.9
28.8375,76.9125
28.8375,76.925
28.8375,76.9375
28.8375,76.95
28.8375,76.9625
28.8375,76.975
28.8375,76.9875
28.8375,77.0
28.8375,77.0125
28.8375,77.025
28.8375,77.0375
28.8375,77.05
28.8375,77.0625
28.8375,77.075
28.8375,77.0875
28.8375,77.1
28.8375,77.1125
28.8375,77.125
28.8375,77.1375
28.8375,77.15
28.8375,77.1625
28.8375,77.175
28.8375,77.1875
28.8375,77.2
28.8375,77.2125
28.8375,77.225
28.8375,77.2375
28.8375,77.25
28.85,76.85
28.85,76.8625
28.85,76.875
28.85,76.8875
28.85,76.9
28.85,76.9125
28.85,76.925
28.85,76.9375
28.85,76.95
28.85,76.9625
28.85,76.975
28.85,76.9875
28.85,77.0
28.85,77.0125
28.85,77.025
28.85,77.0375
28.85,77.05
28.85,77.0625
28.85,77.075
28.85,77.0875
28.85,77.1
28.85,77.1125
28.85,77.125
28.85,77.1375
28.85,77.15
28.85,77.1625
28.85,77.175
28.85,77.1875
28.85,77.2
28.85,77.2125
28.85,77.225
28.85,77.2375
28.85,77.25
