grid_latitude,grid_longitude,runoff_value,runoff_coefficient,elevation_m,drainage_density_km_per_km2,total_population,slope
28.450001,77.125,0.4503319897431143,0.4724402387412123,291.0,0.0,60483.0,0.0057642125859544
28.450001,77.1375,0.4391252814192298,0.4989040718745742,262.0,0.0,60483.0,0.0128257391879822
28.450001,77.15,0.441486040866968,0.4933293087695328,263.0,0.0,60483.0,0.0078983402918816
28.450001,77.1625,0.4349676450539401,0.5087220301742228,254.0,0.0,47780.0,0.001228368879141
28.450001,77.175,0.4573926049924597,0.4557671052592497,260.0,0.0,47780.0,0.0016543196762334
28.450001,77.1875,0.4755458918176053,0.4128994281966787,252.0,0.0,47780.0,0.0097729294235234
28.450001,77.2,0.4402897209609845,0.4961543319120191,267.0,0.0,47780.0,0.0083143212671767
28.450001,77.2125,0.4144415125055967,0.5571930112092982,272.0,0.0,47780.0,0.0104610174182184
28.450001,77.225,0.4334080373189524,0.512404931313378,292.0,0.0,47780.0,0.0025015029812904
28.450001,77.2375,0.4600565789225659,0.449476323031278,277.0,0.0,47780.0,0.0142462481526595
28.462501,77.125,0.4410963477440898,0.4942495409625209,283.0,0.0,60483.0,0.0064892187095316
28.462501,77.1375,0.4460549768173759,0.4825400961752408,254.0,0.0,60483.0,0.0050030059625808
28.462501,77.15,0.4906353570177305,0.3772667448442696,273.0,0.0,60483.0,0.0014374128730152
28.462501,77.1625,0.4753989497635933,0.4132464212552343,254.0,0.0,60483.0,0.0061523481140555
28.462501,77.175,0.4588091144261229,0.4524221204340087,258.0,0.0,47780.0,0.0045610007791809
28.462501,77.1875,0.5318587634952718,0.2799206447512264,265.0,0.0,47780.0,0.0067525252548812
28.462501,77.2,0.4418085226666666,0.4925677912668793,269.0,0.0,47780.0,0.0044714442832617
28.462501,77.2125,0.4429196338953901,0.4899439822678646,275.0,0.0,47780.0,0.0094636630355618
28.462501,77.225,0.4290071036489362,0.5227974186440321,290.0,0.0,107021.0,0.0067525252548812
28.475001,77.125,0.5101175870608357,0.3312608642568651,278.0,0.0,60483.0,0.0020785803167941
28.475001,77.1375,0.5377968156888692,0.2658983629315383,270.0,0.0,60483.0,0.0087883222237128
28.475001,77.15,0.4227918909769284,0.5374741949361233,267.0,0.0,60483.0,0.0071158784509005
28.475001,77.1625,0.4467375992221074,0.4809281326182515,255.0,0.0,60483.0,0.0054041941046721
28.475001,77.175,0.4194055927558704,0.5454706938608687,258.0,0.0,47780.0,0.0045610007791809
28.475001,77.1875,0.4789033327720714,0.4049710736249138,266.0,0.0,47780.0,0.005732388102658
28.475001,77.2,0.4318045012865178,0.5161915659574903,272.0,0.0,47780.0,0.0069977622638628
28.475001,77.2125,0.4690502560685262,0.4282384033525115,283.0,0.0,107021.0,0.0075953574373243
28.475001,77.225,0.4661560542365702,0.4350728521595637,278.0,0.0,107021.0,0.0147845994341158
28.475001,77.2375,0.442974562850551,0.4898142715034227,280.0,0.0,107021.0,0.0159516164536154
28.487501,77.125,0.4301578764865956,0.5200799516171336,282.0,0.0,61936.0,0.0030622346348864
28.487501,77.1375,0.4984770813624031,0.3587490785913744,275.0,0.1970839870009032,61936.0,0.0078540098806168
28.487501,77.15,0.4573558749467861,0.455853840612004,263.0,0.0,61936.0,0.0041103017318743
28.487501,77.1625,0.4711761276821705,0.4232183109203268,265.0,0.0,60483.0,0.0044837809949675
28.487501,77.175,0.4624035173848514,0.4439341971861874,260.0,0.0,47780.0,0.0010780596547614
28.487501,77.1875,0.5093152605529716,0.3331555004166494,265.0,0.0,61936.0,0.0030622346348864
28.487501,77.2,0.3848530453630491,0.6270640415334751,267.0,0.0,55826.0,0.0085856778377466
28.487501,77.2125,0.4208284994135174,0.542110602452755,255.0,0.0,55826.0,0.0171198764481403
28.487501,77.225,0.4544165984472706,0.4627947299943225,249.0,0.7045452035025311,67235.0,0.0136615596647561
28.487501,77.2375,0.5080289234123869,0.3361930927638266,254.0,0.1076352992887352,107021.0,0.0146571022064687
28.487501,77.25,0.4678153968283463,0.431154434352057,256.0,0.0,52705.0,0.0036252427322418
28.500001,77.1125,0.457980201393236,0.4543795387543943,255.0,0.0,169655.0,0.0142317569018011
28.500001,77.125,0.4246867724592199,0.5329995690329947,275.0,0.0,169655.0,0.0063061513337113
28.500001,77.1375,0.4732151433682033,0.4184033224944681,267.0,0.0,61936.0,0.0037025863480341
28.500001,77.15,0.4081619487813239,0.5720217478683305,266.0,0.0,169655.0,0.0021561193095228
28.500001,77.1625,0.4929344114544917,0.3718376936705815,267.0,0.0,169655.0,0.0020785803167941
28.500001,77.175,0.4610845282825059,0.4470488947851961,261.0,0.0,61936.0,0.0021791344754655
28.500001,77.1875,0.5461229482783688,0.2462368015589489,263.0,0.0,61936.0,0.0076553967815951
28.500001,77.2,0.4742110063102837,0.4160516640090994,251.0,0.1822801568204239,55826.0,0.0110339339974288
28.500001,77.2125,0.4339805081477541,0.5110530827554177,240.0,0.0,55826.0,0.0097297377557758
28.500001,77.225,0.5272872500242316,0.2907159439745215,240.0,0.0218244404369501,58573.0,0.0064683579285686
28.500001,77.2375,0.6069710599858156,0.1025483760045775,240.0,0.0,58573.0,0.0054521494205746
28.500001,77.25,0.4988838843199777,0.3577884427582395,242.0,0.0,55464.0,0.0063247458324664
28.512501,76.8875,0.5097656404557291,0.3320919607715786,213.0,0.0,1975595.0,0.0021561193095228
28.512501,76.9,0.5097656404557291,0.3320919607715786,213.0,0.0,1975595.0,0.0021561193095228
28.512501,76.9125,0.5097656404557291,0.3320919607715786,213.0,0.0,1975595.0,0.0021561193095228
28.512501,76.925,0.5097656404557291,0.3320919607715786,213.0,0.9337416997044808,1975595.0,0.0021561193095228
28.512501,76.9375,0.5097656404557291,0.3320919607715786,213.0,0.6215875448440363,1975595.0,0.0021561193095228
28.512501,76.95,0.5097656404557291,0.3320919607715786,213.0,0.0562528907237656,1975595.0,0.0021561193095228
28.512501,76.9625,0.5097656404557291,0.3320919607715786,213.0,0.9004540387316486,1975595.0,0.0021561193095228
28.512501,77.0625,0.4871424492293144,0.3855149945703608,225.0,0.0,419626.0,0.0049629590287003
28.512501,77.1,0.4551297870342303,0.4611105866033774,244.0,0.0,169655.0,0.0058873767577562
28.512501,77.1125,0.505061864252684,0.3431995888936353,248.0,0.0,169655.0,0.0114229909144958
28.512501,77.125,0.4269948957592548,0.5275491023930119,271.0,0.0,169655.0,0.0132603025669196
28.512501,77.1375,0.4262147684044439,0.529391316854549,274.0,0.0,169655.0,0.0013538206834317
28.512501,77.15,0.4692962294754569,0.4276575548992342,269.0,0.0,169655.0,0.0043582689509311
28.512501,77.1625,0.4999441729207083,0.3552846477283342,266.0,0.0,169655.0,0.0025015029812904
28.512501,77.175,0.5006809049727722,0.3535449081432267,264.0,0.0,59348.0,0.0077796695678931
28.512501,77.1875,0.3620665985962297,0.6808725915118974,247.0,0.0,59348.0,0.0068504747979508
28.512501,77.2,0.5100517563726277,0.3314163186773283,251.0,0.5112793132279391,55826.0,0.0111188466300602
28.512501,77.2125,0.4545499579906962,0.4624798110545269,231.0,0.013680683227279,55826.0,0.009093243940317
28.512501,77.225,0.5033737653912254,0.3471859125572081,231.0,0.6394816735393728,61066.0,0.0057055810810937
28.512501,77.2375,0.5404416268818045,0.2596528321247878,239.0,0.0,61066.0,0.003275650344376
28.512501,77.25,0.5032754740090919,0.3474180205643098,239.0,0.0,55512.0,0.0014374128730152
28.525001,76.8875,0.4473773036665845,0.4794175167278359,214.0,0.0,1975595.0,0.0007187064365076
28.525001,76.9,0.4473773036665845,0.4794175167278359,214.0,0.3890745126756483,1975595.0,0.0007187064365076
28.525001,76.9125,0.4473773036665845,0.4794175167278359,214.0,0.9573938481141222,1975595.0,0.0007187064365076
28.525001,76.925,0.4473773036665845,0.4794175167278359,214.0,0.0789660951804969,1975595.0,0.0007187064365076
28.525001,76.9375,0.4473773036665845,0.4794175167278359,214.0,0.0,1975595.0,0.0007187064365076
28.525001,76.95,0.4473773036665845,0.4794175167278359,214.0,0.0,1975595.0,0.0007187064365076
28.525001,76.9625,0.4473773036665845,0.4794175167278359,214.0,0.0,1975595.0,0.0007187064365076
28.525001,76.975,0.4473773036665845,0.4794175167278359,214.0,0.885149835170196,1975595.0,0.0007187064365076
28.525001,76.9875,0.4473773036665845,0.4794175167278359,214.0,0.7505012308364024,1975595.0,0.0007187064365076
28.525001,77.0,0.4473773036665845,0.4794175167278359,214.0,0.6620934074910024,1975595.0,0.0008271598381167
28.525001,77.05,0.4378647842586392,0.5018806449733717,218.0,0.8274058250827611,419626.0,0.0035866305659729
28.525001,77.0625,0.4256812185590581,0.5306512563183545,222.0,0.9774574289560896,207424.0,0.0053350480583813
28.525001,77.075,0.5069527927261112,0.3387342977357269,231.0,0.889850340265746,207424.0,0.0058328797329209
28.525001,77.0875,0.547669119249378,0.242585630368455,236.0,0.1300613406662473,207424.0,0.002954929319248
28.525001,77.1,0.4760195172104018,0.4117809960040626,238.0,0.0,207424.0,0.0055449168378642
28.525001,77.1125,0.4276654471549147,0.525965643653012,247.0,0.0,169655.0,0.0067813623742647
28.525001,77.125,0.4276654960124113,0.5259655282795588,253.0,0.0,61345.0,0.014046049968201
28.525001,77.1375,0.4619296820230497,0.4450531252054598,270.0,0.0,61345.0,0.0107598916979188
28.525001,77.15,0.4984515514296689,0.3588093656855197,274.0,0.0,169655.0,0.0005447836188663
28.525001,77.1625,0.4769592335591016,0.4095619236479382,271.0,0.0,169655.0,0.0054310050330481
28.525001,77.175,0.456835118000591,0.4570835705673894,261.0,0.0,35627.0,0.0104355851133702
28.525001,77.1875,0.4171010743073286,0.5509126479041435,251.0,0.0,35627.0,0.0151883875592127
28.525001,77.2,0.4322902004479905,0.5150446224312781,226.0,0.4378195547509506,35627.0,0.0113032029163281
28.525001,77.2125,0.5148463512092198,0.3200942289047918,229.0,1.5693887927091648,35627.0,0.0005447836188663
28.525001,77.225,0.4898286195460992,0.3791717971767354,227.0,1.4713438066166438,43613.0,0.0055449168378642
28.525001,77.2375,0.4723079330295508,0.420545634253202,240.0,0.0,56234.0,0.0051588556099013
28.525001,77.25,0.4984512106491453,0.3588101704141387,238.0,0.0,50146.0,0.0021791344754655
28.537501,76.875,0.40000001,0.5912955774096351,211.0,0.7983390940247236,1645532.0,0.0
28.537501,76.8875,0.40000001,0.5912955774096351,211.0,0.8046589677835718,1975595.0,0.0
28.537501,76.9,0.40000001,0.5912955774096351,211.0,0.3955053955957169,1975595.0,0.0
28.537501,76.9125,0.40000001,0.5912955774096351,211.0,0.0,1975595.0,0.0
28.537501,76.925,0.40000001,0.5912955774096351,211.0,0.0092740081817224,1975595.0,0.0
28.537501,76.9375,0.40000001,0.5912955774096351,211.0,0.0,1975595.0,0.0
28.537501,76.95,0.40000001,0.5912955774096351,211.0,0.0,1975595.0,0.0
28.537501,76.9625,0.40000001,0.5912955774096351,211.0,0.0,1975595.0,0.0
28.537501,76.975,0.40000001,0.5912955774096351,211.0,0.0,1975595.0,0.0
28.537501,76.9875,0.40000001,0.5912955774096351,211.0,0.0,1975595.0,0.0
28.537501,77.0,0.40000001,0.5912955774096351,211.0,0.6946469239048005,1975595.0,0.000409456293047
28.537501,77.025,0.40000001,0.5912955774096351,216.0,0.7472598540208435,419626.0,0.0025597068884632
28.537501,77.0375,0.40000001,0.5912955774096351,218.0,0.8410633488732159,419626.0,0.0016343508565991
28.537501,77.05,0.5470833500661938,0.2439688820308021,219.0,0.0,419626.0,0.0024828804136401
28.537501,77.0625,0.483073300072695,0.3951239967111613,224.0,0.0,419626.0,0.0037545372379371
28.537501,77.075,0.4389361821566194,0.4993506161395568,228.0,0.5934376542206045,207424.0,0.0044617948145537
28.537501,77.0875,0.5022664972251484,0.3498006464410634,233.0,0.9983117103694448,207424.0,0.0051778827958407
28.537501,77.1,0.5193618258123056,0.3094312614249195,235.0,1.6486616853091691,207424.0,0.0035866305659729
28.537501,77.1125,0.5348259554953302,0.2729138349285031,240.0,1.3333077513998448,207424.0,0.0067479631660615
28.537501,77.125,0.5425846994090503,0.2545921209761937,242.0,0.0,61345.0,0.0070176308503969
28.537501,77.1375,0.4390867190614541,0.4989951341001547,256.0,0.0,61345.0,0.0117747535155125
28.537501,77.15,0.4595971366429908,0.4505612628253451,268.0,0.0,53521.0,0.0068504747979508
28.537501,77.1625,0.4271861196366228,0.5270975410035721,269.0,0.0,53521.0,0.01576398978151
28.537501,77.175,0.38559806088389,0.6253047411345096,246.0,0.8851288656500991,35627.0,0.015091059884577
28.537501,77.1875,0.4182027773046644,0.5483110557647388,233.0,1.1031637517502562,35888.0,0.0086429119891141
28.537501,77.2,0.4697707202685307,0.4265370791263027,232.0,0.1213566785997279,35888.0,0.0014231756901801
28.537501,77.2125,0.5385589321005482,0.2640986800127026,230.0,0.0,35888.0,0.0041571606335883
28.537501,77.225,0.5021296961014339,0.3501236924243983,222.0,1.2488260268091802,34169.0,0.0008942888566523
28.537501,77.2375,0.4839852115091345,0.3929705836491917,232.0,0.0,34169.0,0.00837694797297
28.537501,77.25,0.529814680737409,0.2847475987016183,235.0,0.0,50146.0,0.0072562524706223
28.550001,76.85,0.40000001,0.5912955774096351,214.0,0.0,1645532.0,0.0007187064365076
28.550001,76.8625,0.40000001,0.5912955774096351,214.0,0.0,1645532.0,0.0007187064365076
28.550001,76.875,0.40000001,0.5912955774096351,214.0,0.0,1645532.0,0.0007187064365076
28.550001,76.8875,0.40000001,0.5912955774096351,214.0,0.0,1645532.0,0.0007187064365076
28.550001,76.9,0.40000001,0.5912955774096351,214.0,0.0,1645532.0,0.0007187064365076
28.550001,76.9125,0.40000001,0.5912955774096351,214.0,0.1718550375581668,1975595.0,0.0007187064365076
28.550001,76.925,0.40000001,0.5912955774096351,214.0,0.8926333376884018,1975595.0,0.0007187064365076
28.550001,76.9375,0.40000001,0.5912955774096351,214.0,0.0,1975595.0,0.0007187064365076
28.550001,76.95,0.40000001,0.5912955774096351,214.0,0.0,1975595.0,0.0007187064365076
28.550001,76.9625,0.40000001,0.5912955774096351,214.0,0.0,1975595.0,0.0007187064365076
28.550001,76.975,0.40000001,0.5912955774096351,214.0,0.2945786066489985,1975595.0,0.0007187064365076
28.550001,76.9875,0.40000001,0.5912955774096351,214.0,0.8569941700742478,1975595.0,0.0007187064365076
28.550001,77.0,0.40000001,0.5912955774096351,214.0,0.767917936568737,1975595.0,0.0008271598381167
28.550001,77.0125,0.40000001,0.5912955774096351,215.0,1.0556578564252552,1975595.0,0.0008942888566523
28.550001,77.025,0.40000001,0.5912955774096351,212.0,0.2592371820416277,419626.0,0.0041393469406461
28.550001,77.0375,0.40000001,0.5912955774096351,212.0,0.0,419626.0,0.002954929319248
28.550001,77.05,0.5490520669907606,0.2393198990580302,219.0,0.7791974025681578,419626.0,0.0032953027044689
28.550001,77.0625,0.4554687626324404,0.4603101201855806,220.0,2.2588228000157247,419626.0,0.0025015029812904
28.550001,77.075,0.5894360303613095,0.1439560832956188,224.0,4.413868262825476,207424.0,0.0036252427322418
28.550001,77.0875,0.6503974877893733,0.0,224.0,3.088460022746895,207424.0,0.0085575169965234
28.550001,77.1,0.5433854329375,0.2527012465223617,232.0,1.3289534197283874,207424.0,0.0043530488120288
28.550001,77.1125,0.5463636535475207,0.2456683934329356,230.0,0.1244191037477054,207424.0,0.0065818072694751
28.550001,77.125,0.5144285866916667,0.32108074967093,246.0,0.0,77340.0,0.0106519269118102
28.550001,77.1375,0.4244494159285714,0.5335600693546465,256.0,0.0,77340.0,0.007472149239769
28.550001,77.15,0.3995282837833334,0.5924095248348475,262.0,0.0,77340.0,0.0090664346977687
28.550001,77.1625,0.4446294764431547,0.4859063124579054,235.0,0.2144367410647422,50368.0,0.009872925364852
28.550001,77.175,0.5159881102190477,0.3173980473819623,252.0,0.1184283289861883,53521.0,0.0036856602353717
28.550001,77.1875,0.4258571540547619,0.5302357973391452,233.0,0.5994558172460026,12864.0,0.0102388275538529
28.550001,77.2,0.4722946564502976,0.4205769859371919,228.0,0.5837283052154055,12864.0,0.0052781938868606
28.550001,77.2125,0.498858645825,0.3578480416431506,227.0,0.0,61669.0,0.0039528854007919
28.550001,77.225,0.4541562627029762,0.4634094940710296,228.0,0.8934532332875491,61669.0,0.002047281465235
28.550001,77.2375,0.5442515050574404,0.250656079698959,222.0,0.0,39703.0,0.0127601398001553
28.550001,77.25,0.5231311778985108,0.3005302084352894,257.0,0.0,39703.0,0.0293057464081372
28.562501,76.85,0.40000001,0.5912955774096351,213.0,0.0,1645532.0,0.0007187064365076
28.562501,76.8625,0.40000001,0.5912955774096351,213.0,0.0,1645532.0,0.0007187064365076
28.562501,76.875,0.40000001,0.5912955774096351,213.0,0.9015702383843476,1645532.0,0.0007187064365076
28.562501,76.8875,0.40000001,0.5912955774096351,213.0,0.7226266012427226,1645532.0,0.0007187064365076
28.562501,76.9,0.40000001,0.5912955774096351,213.0,0.7219646475006679,1645532.0,0.0007187064365076
28.562501,76.9125,0.40000001,0.5912955774096351,213.0,0.5715691087360253,1645532.0,0.0007187064365076
28.562501,76.925,0.40000001,0.5912955774096351,213.0,0.0,1645532.0,0.0007187064365076
28.562501,76.9375,0.40000001,0.5912955774096351,213.0,0.0,1975595.0,0.0007187064365076
28.562501,76.95,0.40000001,0.5912955774096351,213.0,0.0,1975595.0,0.0007187064365076
28.562501,76.9625,0.40000001,0.5912955774096351,213.0,0.0,1975595.0,0.0007187064365076
28.562501,76.975,0.40000001,0.5912955774096351,213.0,1.074305399796466,570368.0,0.0007187064365076
28.562501,76.9875,0.40000001,0.5912955774096351,213.0,0.0,1975595.0,0.0007187064365076
28.562501,77.0,0.40000001,0.5912955774096351,213.0,0.0,1975595.0,0.0007187064365076
28.562501,77.0125,0.40000001,0.5912955774096351,213.0,0.0,1975595.0,0.0057436406655504
28.562501,77.025,0.5183636187830979,0.3117884553029114,227.0,1.444553654536508,1975595.0,0.0014231756901801
28.562501,77.0375,0.5183636187830979,0.3117884553029114,216.0,1.4801806824141803,419626.0,0.0039555235679603
28.562501,77.05,0.5183636187830979,0.3117884553029114,218.0,0.745463583117987,26828.0,0.0051194137769264
28.562501,77.0625,0.4849290921808511,0.3907416775447223,228.0,0.4663924548834229,419626.0,0.0029038384125077
28.562501,77.075,0.5154787388693853,0.3186008910726159,219.0,0.8813441557057682,207424.0,0.0071076222133126
28.562501,77.0875,0.6102143697670217,0.0948895339638052,211.0,2.5922951717690457,194990.0,0.0025597068884632
28.562501,77.1,0.5544651465065011,0.2265373023398778,225.0,2.8890624046351814,194990.0,0.0081970065939822
28.562501,77.1125,0.619181191317625,0.0737150318358205,231.0,1.970020410782132,194990.0,0.0065611489428234
28.562501,77.125,0.5156028518528368,0.318307807217052,241.0,0.0,194990.0,0.0067813623742647
28.562501,77.1375,0.454187364927896,0.4633360484109332,246.0,0.0,77340.0,0.0092646460665046
28.562501,77.15,0.4260904367825059,0.5296849170091238,260.0,0.0,50368.0,0.0050971586178635
28.562501,77.1625,0.4959840572570921,0.3646361751422667,244.0,0.6481868874638355,50368.0,0.010060706589718
28.562501,77.175,0.4862115981300236,0.3877131322796411,236.0,1.0631944742994386,24857.0,0.0116148554108934
28.562501,77.1875,0.5012086437949173,0.3522986909915339,225.0,1.008040056171239,24857.0,0.0070437454794228
28.562501,77.2,0.5191844130248227,0.3098502089220777,219.0,0.927885886205549,12864.0,0.0030436702843282
28.562501,77.2125,0.5283215292204492,0.2882735682767732,219.0,0.7903053993762293,37288.0,0.0037976787186621
28.562501,77.225,0.5115396135579197,0.3279028512844166,222.0,0.2124209959134631,46748.0,0.0043122386190457
28.562501,77.2375,0.5253368956152482,0.2953215651916143,219.0,0.6142547732764719,37629.0,0.0033086393524669
28.562501,77.25,0.5375566109678986,0.2664655890491363,218.0,0.0479144034329042,37629.0,0.0165505201754161
28.575001,76.85,0.40000001,0.5912955774096351,212.0,0.3848787760625785,1645532.0,0.0007187064365076
28.575001,76.8625,0.40000001,0.5912955774096351,212.0,0.8981561066399807,1645532.0,0.0007187064365076
28.575001,76.875,0.40000001,0.5912955774096351,212.0,0.1682908727657137,1645532.0,0.0007187064365076
28.575001,76.8875,0.40000001,0.5912955774096351,212.0,0.0,1645532.0,0.0007187064365076
28.575001,76.9,0.40000001,0.5912955774096351,212.0,0.0,1645532.0,0.0007187064365076
28.575001,76.9125,0.40000001,0.5912955774096351,212.0,0.0,1645532.0,0.0007187064365076
28.575001,76.925,0.40000001,0.5912955774096351,212.0,0.0,1645532.0,0.0007187064365076
28.575001,76.9375,0.40000001,0.5912955774096351,212.0,0.0,1645532.0,0.0007187064365076
28.575001,76.95,0.40000001,0.5912955774096351,212.0,0.1273376288379109,1975595.0,0.0007187064365076
28.575001,76.9625,0.40000001,0.5912955774096351,212.0,0.8965841763223369,570368.0,0.0007187064365076
28.575001,76.975,0.40000001,0.5912955774096351,212.0,0.006198370625644,570368.0,0.0007187064365076
28.575001,76.9875,0.40000001,0.5912955774096351,212.0,0.0,570368.0,0.0007187064365076
28.575001,77.0,0.5045783584362524,0.3443413529937844,212.0,0.0,1975595.0,0.0010895672377327
28.575001,77.0125,0.5045783584362524,0.3443413529937844,214.0,0.0,570368.0,0.0013538206834317
28.575001,77.025,0.5045783584362524,0.3443413529937844,210.0,0.1297913809335028,570368.0,0.0040368206320639
28.575001,77.0375,0.5045783584362524,0.3443413529937844,216.0,1.3164349319843571,26828.0,0.0053712328186038
28.575001,77.05,0.5045783584362524,0.3443413529937844,223.0,0.3177554314958704,26828.0,0.0027076413668634
28.575001,77.0625,0.5072754287783687,0.3379724159767849,212.0,0.5496997622205992,419626.0,0.0012798534442316
28.575001,77.075,0.5346867777198581,0.2732424932034861,220.0,0.719914990790246,419626.0,0.0044714442832617
28.575001,77.0875,0.507987693243683,0.3362904548324293,222.0,1.4762239697871635,194990.0,0.0062355104902005
28.575001,77.1,0.4886990390620567,0.3818392199896139,231.0,1.3469487064205194,194990.0,0.0032064347969955
28.575001,77.1125,0.4954457680297169,0.3659073063146899,229.0,0.7795577478934244,194990.0,0.0048826602719898
28.575001,77.125,0.4811103862114362,0.3997592761686276,238.0,0.0,35769.0,0.0064223886986624
28.575001,77.1375,0.4888253688528368,0.3815409013034878,242.0,0.0,35769.0,0.0044714442832617
28.575001,77.15,0.4473448705044326,0.4794941053001776,248.0,0.0,77340.0,0.0061227112463813
28.575001,77.1625,0.4856471773519504,0.3890459712236243,241.0,0.0,37451.0,0.0085667604381304
28.575001,77.175,0.479973418216312,0.4024441440559099,228.0,0.1853097838111176,24857.0,0.0046312419268524
28.575001,77.1875,0.4984818410394503,0.358737838957442,230.0,0.2588767940603735,195072.0,0.0038276983907975
28.575001,77.2,0.5321985977823581,0.2791181506016037,223.0,1.674930721246264,18404.0,0.0055135976292507
28.575001,77.2125,0.5067664159694149,0.3391744129994245,217.0,1.2492001603147267,47706.0,0.0028886334269587
28.575001,77.225,0.5728679260647163,0.1830804661892748,216.0,0.837941613878398,47706.0,0.0034595958833744
28.575001,77.2375,0.5385904422863474,0.2640242709824242,214.0,1.359759580103037,46748.0,0.0044515912199672
28.575001,77.25,0.5142927887804315,0.3214014266403776,211.0,0.4051940272512698,41421.0,0.005598747053133
28.587501,76.875,0.40000001,0.5912955774096351,215.0,0.0,1645532.0,0.0007187064365076
28.587501,76.8875,0.40000001,0.5912955774096351,215.0,0.0,1645532.0,0.0007187064365076
28.587501,76.9,0.40000001,0.5912955774096351,215.0,0.0,1645532.0,0.0007187064365076
28.587501,76.9125,0.40000001,0.5912955774096351,215.0,0.0,1645532.0,0.0007187064365076
28.587501,76.925,0.40000001,0.5912955774096351,215.0,0.0,1645532.0,0.0007187064365076
28.587501,76.9375,0.40000001,0.5912955774096351,215.0,0.0,1645532.0,0.0007187064365076
28.587501,76.95,0.4715601435338729,0.4223114851936004,215.0,0.0,570368.0,0.0007187064365076
28.587501,76.9625,0.4715601435338729,0.4223114851936004,215.0,0.0,570368.0,0.0007187064365076
28.587501,76.975,0.4715601435338729,0.4223114851936004,215.0,0.0,570368.0,0.0007187064365076
28.587501,76.9875,0.4715601435338729,0.4223114851936004,215.0,0.0,570368.0,0.0007187064365076
28.587501,77.0,0.4715601435338729,0.4223114851936004,215.0,0.0,570368.0,0.0008271598381167
28.587501,77.0125,0.4715601435338729,0.4223114851936004,216.0,1.211463600108366,570368.0,0.0011531986277914
28.587501,77.025,0.4715601435338729,0.4223114851936004,216.0,1.377744763776272,254299.0,0.0019745850729704
28.587501,77.0375,0.4715601435338729,0.4223114851936004,214.0,0.6711173651378237,254299.0,0.0017885777133046
28.587501,77.05,0.4715601435338729,0.4223114851936004,212.0,0.7002505569535461,26828.0,0.0058873767577562
28.587501,77.0625,0.5016932774154846,0.3511542636632899,227.0,0.0,26828.0,0.000818912586094
28.587501,77.075,0.5567376062234042,0.2211710526783034,214.0,0.0513561275643755,31413.0,0.0017885777133046
28.587501,77.0875,0.5802933264407499,0.1655459189501936,223.0,0.0,35390.0,0.002954929319248
28.587501,77.1,0.4677186893433806,0.4313828021002764,221.0,0.0,54860.0,0.0055284903530576
28.587501,77.1125,0.4514770654891272,0.4697362249851871,220.0,0.0,194990.0,0.0043395393026322
28.587501,77.125,0.4594710531501182,0.4508589998967331,231.0,0.0262485681182978,194990.0,0.0096193043909866
28.587501,77.1375,0.4502689248871158,0.47258916184847,241.0,0.0,70071.0,0.0070322578027168
28.587501,77.15,0.4545212892375886,0.4625475102465157,243.0,0.0,70071.0,0.0050030059625808
28.587501,77.1625,0.456223416964539,0.4585280584292788,251.0,0.0,77340.0,0.0041103017318743
28.587501,77.175,0.4695124247411347,0.4271470253780073,233.0,0.0,195072.0,0.0085885124388139
28.587501,77.1875,0.4634042684066194,0.4415709958533156,234.0,0.0,195072.0,0.0073789686577588
28.587501,77.2,0.4353664420254137,0.507780299899627,215.0,0.833995417433894,195072.0,0.0065906054089378
28.587501,77.2125,0.470508287715721,0.4247953668158784,218.0,0.0,195072.0,0.0010895672377327
28.587501,77.225,0.4906412674598108,0.3772527877617403,213.0,0.0195433345646585,40384.0,0.00409456293047
28.587501,77.2375,0.5231974154284871,0.3003737932873443,208.0,1.414606188815444,40384.0,0.0037025863480341
28.587501,77.25,0.5321932289381759,0.2791308287397733,204.0,3.324397300825999,29450.0,0.0033535688632393
28.600001,76.875,0.40000001,0.5912955774096351,214.0,0.0,1645532.0,0.0
28.600001,76.8875,0.40000001,0.5912955774096351,214.0,0.0,1645532.0,0.0
28.600001,76.9,0.5046222975459648,0.3442375939564427,214.0,0.0,1645532.0,0.0
28.600001,76.9125,0.5046222975459648,0.3442375939564427,214.0,0.0,1645532.0,0.0
28.600001,76.925,0.5046222975459648,0.3442375939564427,214.0,0.0,1645532.0,0.0
28.600001,76.9375,0.5046222975459648,0.3442375939564427,214.0,0.0,1645532.0,0.0
28.600001,76.95,0.5046222975459648,0.3442375939564427,214.0,0.0,1645532.0,0.0
28.600001,76.9625,0.5046222975459648,0.3442375939564427,214.0,0.0,1645532.0,0.0
28.600001,76.975,0.5046222975459648,0.3442375939564427,214.0,0.0,352175.0,0.0
28.600001,76.9875,0.5046222975459648,0.3442375939564427,214.0,0.3216729942714343,352175.0,0.0
28.600001,77.0,0.5046222975459648,0.3442375939564427,214.0,0.0,570368.0,0.001228368879141
28.600001,77.0125,0.5046222975459648,0.3442375939564427,217.0,1.345537392170037,570368.0,0.0008271598381167
28.600001,77.025,0.5046222975459648,0.3442375939564427,215.0,1.2775049504311882,254299.0,0.0005447836188663
28.600001,77.0375,0.5046222975459648,0.3442375939564427,218.0,0.9434151417632596,254299.0,0.0005447836188663
28.600001,77.05,0.5046222975459648,0.3442375939564427,216.0,0.2336117806446822,26828.0,0.0028463513803602
28.600001,77.0625,0.5321302981455399,0.2792794352660732,212.0,0.8581070597541935,41375.0,0.0029891873299783
28.600001,77.075,0.5770686806220656,0.1731606873900912,218.0,1.2929431979517323,41375.0,0.0033535688632393
28.600001,77.0875,0.5758462612984023,0.1760473424243333,220.0,0.718235803971744,35390.0,0.0013538206834317
28.600001,77.1,0.5374774881477691,0.2666524318800939,216.0,0.8047498430822493,9464.0,0.0023137791634292
28.600001,77.1125,0.4684961414585801,0.4295469050240611,225.0,0.755196889019426,54860.0,0.0043395393026322
28.600001,77.125,0.4730189331270779,0.4188666588221508,226.0,1.3459492941577418,26733.0,0.0037976787186621
28.600001,77.1375,0.4429768275358705,0.4898089236124395,228.0,1.0429036556293825,70071.0,0.0071732611319459
28.600001,77.15,0.4477060491274278,0.4786412080413178,240.0,0.0,120141.0,0.0064128695939911
28.600001,77.1625,0.4318638566319335,0.5160514025918297,242.0,0.0,70071.0,0.0029891873299783
28.600001,77.175,0.4386167004407043,0.5001050491608141,242.0,0.0,265774.0,0.0097297377557758
28.600001,77.1875,0.4619574714359361,0.444987502511958,231.0,0.0180292187910521,195072.0,0.0085985821539871
28.600001,77.2,0.4749224765349737,0.4143715784066727,221.0,0.9122077360913984,195072.0,0.0070176308503969
28.600001,77.2125,0.4418757776198163,0.4924089735475181,215.0,0.0,135223.0,0.0029732493798523
28.600001,77.225,0.4605457260492126,0.448321237384081,216.0,0.0,135223.0,0.0007187064365076
28.600001,77.2375,0.3997467291152887,0.5918936819444507,215.0,0.0,135223.0,0.002954929319248
28.600001,77.25,0.5073735442950268,0.3377407232633145,209.0,1.1601829800930503,29450.0,0.004913475516564
28.612501,76.8875,0.5953548669133921,0.1299791778269429,215.0,0.0145169670066654,1645532.0,0.0007187064365076
28.612501,76.9,0.5953548669133921,0.1299791778269429,215.0,0.0,1645532.0,0.0007187064365076
28.612501,76.9125,0.5953548669133921,0.1299791778269429,215.0,0.0,1645532.0,0.0007187064365076
28.612501,76.925,0.5953548669133921,0.1299791778269429,215.0,0.0,1645532.0,0.0007187064365076
28.612501,76.9375,0.5953548669133921,0.1299791778269429,215.0,0.0,1645532.0,0.0007187064365076
28.612501,76.95,0.5953548669133921,0.1299791778269429,215.0,0.0,1645532.0,0.0007187064365076
28.612501,76.9625,0.5953548669133921,0.1299791778269429,215.0,0.0,1645532.0,0.0007187064365076
28.612501,76.975,0.5953548669133921,0.1299791778269429,215.0,0.0,60259.0,0.0007187064365076
28.612501,76.9875,0.5953548669133921,0.1299791778269429,215.0,0.5329634196626558,352175.0,0.0007187064365076
28.612501,77.0,0.5953548669133921,0.1299791778269429,215.0,0.8326562952854629,352175.0,0.0008271598381167
28.612501,77.0125,0.5953548669133921,0.1299791778269429,214.0,1.0960210330238802,352175.0,0.0014374128730152
28.612501,77.025,0.5953548669133921,0.1299791778269429,215.0,0.316625833583367,254299.0,0.0014945936649891
28.612501,77.0375,0.5953548669133921,0.1299791778269429,215.0,0.1373066324208073,26828.0,0.0005447836188663
28.612501,77.05,0.5953548669133921,0.1299791778269429,216.0,0.0,26828.0,0.0016767844316196
28.612501,77.0625,0.596793754896572,0.1265813476716495,219.0,0.0,52737.0,0.0019607865549001
28.612501,77.075,0.5944208233735224,0.1321848542543132,212.0,0.8547879348919114,52737.0,0.000409456293047
28.612501,77.0875,0.5572824047194326,0.2198845503376049,220.0,1.5846601218587468,26432.0,0.002682866569957
28.612501,77.1,0.504643759524616,0.3441869130423577,218.0,1.704767140525631,40639.0,0.0016767844316196
28.612501,77.1125,0.5374728604976595,0.2666633597419386,224.0,0.0,16529.0,0.0027993735265665
28.612501,77.125,0.4793456553311879,0.4039265608155072,221.0,0.0527800249060545,120141.0,0.0029732493798523
28.612501,77.1375,0.4553322733607723,0.4606324297528084,229.0,0.0961690070484799,120141.0,0.0057436406655504
28.612501,77.15,0.4019907508402778,0.5865945865489558,235.0,0.0,120141.0,0.0064128695939911
28.612501,77.1625,0.3598407938998984,0.6861286687085908,243.0,0.0,120141.0,0.0093526658606647
28.612501,77.175,0.397809404651084,0.59646853388707,257.0,0.0,265774.0,0.0038395603326948
28.612501,77.1875,0.3862963056111111,0.623655886590125,234.0,0.945623574769726,265774.0,0.0155787241790686
28.612501,77.2,0.4799356508068541,0.4025333290683945,222.0,0.0,265774.0,0.0090080384470341
28.612501,77.2125,0.5060732988025632,0.3408111591799543,212.0,0.0,135223.0,0.0032064347969955
28.612501,77.225,0.4885024420016937,0.3823034697630165,215.0,0.0,135223.0,0.002456737758282
28.612501,77.2375,0.4949099623086608,0.3671725728661277,206.0,0.0,37402.0,0.0051588556099013
28.612501,77.25,0.5118988744766667,0.3270544825457748,204.0,1.2025639142001865,29450.0,0.0024312218494796
28.625001,76.8875,0.5941570947366283,0.1328076304020944,212.0,0.8440168404621712,1645532.0,0.0003593532182538
28.625001,76.9,0.5941570947366283,0.1328076304020944,212.0,0.3600910273238882,1645532.0,0.0003593532182538
28.625001,76.9125,0.5941570947366283,0.1328076304020944,212.0,0.0,1645532.0,0.0003593532182538
28.625001,76.925,0.5941570947366283,0.1328076304020944,212.0,0.0,1645532.0,0.0003593532182538
28.625001,76.95,0.5941570947366283,0.1328076304020944,212.0,0.0,728016.0,0.0003593532182538
28.625001,76.9625,0.5941570947366283,0.1328076304020944,212.0,0.0,728016.0,0.0003593532182538
28.625001,76.975,0.5941570947366283,0.1328076304020944,212.0,0.0,728016.0,0.0003593532182538
28.625001,76.9875,0.5941570947366283,0.1328076304020944,212.0,0.0,728016.0,0.0003593532182538
28.625001,77.0,0.5941570947366283,0.1328076304020944,212.0,0.6333032568888812,352175.0,0.0005447836188663
28.625001,77.0125,0.5941570947366283,0.1328076304020944,213.0,0.7726001698246282,352175.0,0.0008271598381167
28.625001,77.025,0.5941570947366283,0.1328076304020944,211.0,1.965155533248253,110469.0,0.0017885777133046
28.625001,77.0375,0.5941570947366283,0.1328076304020944,217.0,0.0,110469.0,0.0019607865549001
28.625001,77.05,0.5941570947366283,0.1328076304020944,215.0,0.0,52975.0,0.0008942888566523
28.625001,77.0625,0.5589568736341608,0.2159304128098237,215.0,0.6638224029463197,52975.0,0.0014231756901801
28.625001,77.075,0.5317967068262411,0.2800671870977013,218.0,0.4094553080183352,50472.0,0.0016543196762334
28.625001,77.0875,0.5175138062249137,0.3137952263443679,217.0,0.0,47206.0,0.0005447836188663
28.625001,77.1,0.5305378413481087,0.2830399070961013,217.0,0.2380096092056279,47206.0,0.0005447836188663
28.625001,77.1125,0.5232313623158079,0.3002936301622328,218.0,0.0,39943.0,0.0021765244060144
28.625001,77.125,0.5111790934024822,0.3287541936196477,220.0,0.0,39943.0,0.0037545372379371
28.625001,77.1375,0.5365100637174941,0.2689369348716967,227.0,0.0,32165.0,0.0058823596647003
28.625001,77.15,0.4423404375218676,0.4913117127144293,232.0,0.0,21770.0,0.0063075510825692
28.625001,77.1625,0.4306826355065012,0.518840771053434,235.0,0.0,30004.0,0.0081026873073332
28.625001,77.175,0.3871660850076832,0.6216019653004398,245.0,0.0,30004.0,0.0092348265490892
28.625001,77.1875,0.4233510749042553,0.5361537224373344,248.0,0.2067984411264303,265774.0,0.0098859081134068
28.625001,77.2,0.4800768460502364,0.4021999066885033,221.0,0.0,265774.0,0.0119609177404032
28.625001,77.2125,0.5018764925325059,0.3507216143835699,219.0,0.0,66080.0,0.0038276983907975
28.625001,77.225,0.5009397312482269,0.3529337085682753,216.0,0.0,37402.0,0.0046312419268524
28.625001,77.2375,0.5115809846400708,0.3278051564588752,208.0,0.1404758702391946,37402.0,0.0065199901929174
28.625001,77.25,0.5341217356310215,0.2745767993280087,214.0,1.5954952092880812,12341.0,0.0052316928463556
28.637501,76.9375,0.5660591964056545,0.1991587900235411,214.0,0.0,728016.0,0.0
28.637501,76.95,0.5660591964056545,0.1991587900235411,214.0,0.0,728016.0,0.0
28.637501,76.9625,0.5660591964056545,0.1991587900235411,214.0,0.0,728016.0,0.0
28.637501,76.975,0.5660591964056545,0.1991587900235411,214.0,0.0,728016.0,0.0
28.637501,76.9875,0.5660591964056545,0.1991587900235411,214.0,0.4251754330925957,728016.0,0.0
28.637501,77.0,0.5660591964056545,0.1991587900235411,214.0,0.5969951869358946,728016.0,0.000818912586094
28.637501,77.0125,0.5660591964056545,0.1991587900235411,216.0,0.0,145715.0,0.0014231756901801
28.637501,77.025,0.5660591964056545,0.1991587900235411,217.0,1.9069386102796084,145715.0,0.0017885777133046
28.637501,77.0375,0.5660591964056545,0.1991587900235411,212.0,0.0,145715.0,0.0033362451044074
28.637501,77.05,0.5660591964056545,0.1991587900235411,215.0,0.0,130978.0,0.0025015029812904
28.637501,77.0625,0.552266565504137,0.2317290927474804,217.0,2.287163359286476,66256.0,0.0008271598381167
28.637501,77.075,0.5266785033049645,0.2921534554304797,216.0,0.0,66256.0,0.0019607865549001
28.637501,77.0875,0.5625087385678655,0.2075429400389414,221.0,0.0900652871565314,46141.0,0.000409456293047
28.637501,77.1,0.5657214009763736,0.1999564695575618,217.0,0.8306840002581378,49071.0,0.0023063972555829
28.637501,77.1125,0.5313613824191263,0.2810951742760784,219.0,0.8245658721587359,46251.0,0.0016543196762334
28.637501,77.125,0.539865401538782,0.2610135466971891,219.0,0.7701083178597499,46251.0,0.0025485793089317
28.637501,77.1375,0.5631003385460531,0.2061459193748906,220.0,0.1787959522281348,32165.0,0.0032599950964587
28.637501,77.15,0.4322924108031044,0.5150394028371557,220.0,0.3112481244347611,30004.0,0.0052781938868606
28.637501,77.1625,0.4482712120435622,0.4773066165918492,226.0,0.1425450361276172,30004.0,0.0067071377264786
28.637501,77.175,0.5129843103569414,0.3244913040296238,236.0,0.0,134286.0,0.0064892187095316
28.637501,77.1875,0.4873120562218864,0.38511447989469,237.0,0.0,134286.0,0.0067691034171586
28.637501,77.2,0.4436467154664468,0.4882270315973648,226.0,0.0,265774.0,0.0084837996319486
28.637501,77.2125,0.5493545961027564,0.2386054983877835,221.0,0.0614966594510774,41748.0,0.0073948660335275
28.637501,77.225,0.54738124433424,0.2432654262101347,212.0,0.0,27022.0,0.0034595958833744
28.637501,77.2375,0.5377500624702289,0.2660087672840729,224.0,0.0,27022.0,0.0058794032336115
28.637501,77.25,0.5332093935578668,0.2767312293075108,209.0,0.0,12341.0,0.0124144020682008
28.650001,76.9375,0.5759115372480601,0.1758931979789314,212.0,0.960139719455846,728016.0,0.0007187064365076
28.650001,76.95,0.5759115372480601,0.1758931979789314,212.0,0.0651826694747253,728016.0,0.0007187064365076
28.650001,76.9625,0.5759115372480601,0.1758931979789314,212.0,0.0,728016.0,0.0007187064365076
28.650001,76.975,0.5759115372480601,0.1758931979789314,212.0,0.2924974930903375,728016.0,0.0007187064365076
28.650001,76.9875,0.5759115372480601,0.1758931979789314,212.0,0.8129916108195422,31885.0,0.0007187064365076
28.650001,77.0,0.5759115372480601,0.1758931979789314,212.0,0.0,31885.0,0.0008271598381167
28.650001,77.0125,0.5759115372480601,0.1758931979789314,211.0,0.0,145715.0,0.0025485793089317
28.650001,77.025,0.5759115372480601,0.1758931979789314,213.0,0.8106761150473196,145715.0,0.0021765244060144
28.650001,77.0375,0.5759115372480601,0.1758931979789314,208.0,1.7175533492902468,130978.0,0.0024828804136401
28.650001,77.05,0.5759115372480601,0.1758931979789314,219.0,1.955409798827028,130978.0,0.0037545372379371
28.650001,77.0625,0.5882013809629394,0.1468716187688706,217.0,1.18604223448279,90499.0,0.0008942888566523
28.650001,77.075,0.519965312610214,0.3080061708937421,221.0,2.030375377490984,45179.0,0.001796766091269
28.650001,77.0875,0.5391193819021857,0.2627752182430632,217.0,1.5533266969933472,57655.0,0.0026454148751495
28.650001,77.1,0.5919030925531914,0.1381302939301151,223.0,0.0117366122704034,58972.0,0.002047281465235
28.650001,77.1125,0.5445607111623,0.2499259117918152,222.0,0.0,43740.0,0.0042341065422121
28.650001,77.125,0.5680082925330969,0.1945561401475212,213.0,0.0,43740.0,0.0024312218494796
28.650001,77.1375,0.561521885609338,0.2098733220982278,218.0,1.0881762013868512,53498.0,0.002682866569957
28.650001,77.15,0.516128857356383,0.31706568317217,219.0,0.9548317287024852,30004.0,0.0053712328186038
28.650001,77.1625,0.5749290963380614,0.17821316130395,231.0,1.0093833098148486,53541.0,0.005322931809611
28.650001,77.175,0.4980289746377068,0.359807250290465,232.0,0.0,19264.0,0.0013538206834317
28.650001,77.1875,0.5808835884450355,0.1641520578149764,233.0,0.0,4146.0,0.0049503779238535
28.650001,77.2,0.5441489532062648,0.2508982484963072,236.0,0.2139919811107135,4146.0,0.0011531986277914
28.650001,77.2125,0.5849084115141844,0.1546477285315726,232.0,0.0,45843.0,0.0049934997389314
28.650001,77.225,0.5902423362275413,0.1420520501681632,225.0,0.0,5411.0,0.0041300710909874
28.650001,77.2375,0.5504255492322694,0.2360765198426134,224.0,0.6494350436459299,384.0,0.005598747053133
28.650001,77.25,0.5396417855600382,0.2615415996969107,219.0,0.6457157418455002,12341.0,0.0050030059625808
28.662501,76.9375,0.5594071497440385,0.21486711826415,212.0,0.0,728016.0,0.0014374128730152
28.662501,76.95,0.5594071497440385,0.21486711826415,212.0,1.425985013122527,728016.0,0.0014374128730152
28.662501,76.9625,0.5594071497440385,0.21486711826415,212.0,0.7793657156719691,31885.0,0.0014374128730152
28.662501,76.975,0.5594071497440385,0.21486711826415,212.0,1.1597049697976287,31885.0,0.0014374128730152
28.662501,76.9875,0.5594071497440385,0.21486711826415,212.0,0.8444246725233551,31885.0,0.0014374128730152
28.662501,77.0,0.5594071497440385,0.21486711826415,212.0,0.7220738075221507,31885.0,0.0018907791702766
28.662501,77.0125,0.5594071497440385,0.21486711826415,209.0,0.8394965480130843,31885.0,0.0007187064365076
28.662501,77.025,0.5594071497440385,0.21486711826415,212.0,1.042782377693804,145715.0,0.001637825172188
28.662501,77.0375,0.5594071497440385,0.21486711826415,213.0,1.2322550620068002,31885.0,0.0023137791634292
28.662501,77.05,0.5594071497440385,0.21486711826415,217.0,1.6472120877337402,82666.0,0.0021697696513161
28.662501,77.0625,0.5801920991566193,0.1657849598780338,218.0,0.6944633437941072,90499.0,0.0025597068884632
28.662501,77.075,0.4739864199988179,0.4165820083795333,211.0,0.872983626852144,90499.0,0.0033086393524669
28.662501,77.0875,0.5265103372739647,0.2925505673793643,214.0,0.0,51975.0,0.0032687017131983
28.662501,77.1,0.5579387313254789,0.2183346824119467,217.0,0.8537259722088169,55273.0,0.0039215731098002
28.662501,77.1125,0.5447104104894362,0.249572407631716,222.0,1.3181278648634664,55273.0,0.0031262618529614
28.662501,77.125,0.5490497276837709,0.2393254231627033,214.0,1.013466042250331,49968.0,0.0025015029812904
28.662501,77.1375,0.5699503249066935,0.1899701708165524,217.0,1.5945819532757048,53498.0,0.0039215731098002
28.662501,77.15,0.542552681642552,0.2546677286216705,222.0,0.5895845652089216,49621.0,0.0040998023508351
28.662501,77.1625,0.5502195898729331,0.236562878009544,226.0,0.1891973867001355,63810.0,0.0062355104902005
28.662501,77.175,0.5537588021077235,0.2282052836742448,233.0,0.0,22388.0,0.0040368206320639
28.662501,77.1875,0.5536522671535328,0.2284568582819792,224.0,0.3514891812181821,58471.0,0.0067691034171586
28.662501,77.2,0.558652826998467,0.2166483970027926,223.0,0.5644736372354394,68275.0,0.0044837809949675
28.662501,77.2125,0.5833069984143929,0.1584293500234195,227.0,0.0,49939.0,0.0049503779238535
28.662501,77.225,0.5691404603735014,0.191882607479274,219.0,0.0,15288.0,0.0072870424890048
28.662501,77.2375,0.5444205758616508,0.2502568311934176,210.0,0.981159977041991,15288.0,0.0095728774288281
28.675001,76.9625,0.5669454999006721,0.1970658482676043,216.0,0.0,31885.0,0.0014374128730152
28.675001,76.975,0.5669454999006721,0.1970658482676043,216.0,0.0,31885.0,0.0014374128730152
28.675001,76.9875,0.5669454999006721,0.1970658482676043,216.0,0.594591240384425,31885.0,0.0014374128730152
28.675001,77.0,0.5669454999006721,0.1970658482676043,216.0,0.5796171442881997,31885.0,0.0018907791702766
28.675001,77.0125,0.5669454999006721,0.1970658482676043,213.0,0.0,31885.0,0.0024814795143501
28.675001,77.025,0.5669454999006721,0.1970658482676043,213.0,0.0,31885.0,0.0023063972555829
28.675001,77.0375,0.5669454999006721,0.1970658482676043,211.0,0.0428844433438895,31885.0,0.001637825172188
28.675001,77.05,0.5669454999006721,0.1970658482676043,217.0,0.4219720383332082,82666.0,0.0024312218494796
28.675001,77.0625,0.5972517927482268,0.1254997243327854,215.0,0.5165996454854432,73862.0,0.0017885777133046
28.675001,77.075,0.563617039076241,0.2049257683532324,213.0,0.8369502597065845,90499.0,0.001637825172188
28.675001,77.0875,0.5591490051059737,0.215476708201586,211.0,0.0,44150.0,0.0019607865549001
28.675001,77.1,0.5210549804698582,0.3054329988636507,217.0,0.0,42423.0,0.0014231756901801
28.675001,77.1125,0.5278764596108083,0.289324568047791,214.0,0.882343040272812,42423.0,0.0025154725277767
28.675001,77.125,0.5333244846442081,0.276459450011035,217.0,0.0,49968.0,0.000818912586094
28.675001,77.1375,0.5422133740130024,0.2554689791075192,212.0,0.175500156484608,10377.0,0.0014231756901801
28.675001,77.15,0.5361465888286052,0.2697952545967869,214.0,0.997507156676174,10546.0,0.002954929319248
28.675001,77.1625,0.5693705855762411,0.1913391834167324,219.0,1.4418575752409708,10491.0,0.0038134853320647
28.675001,77.175,0.553102854145981,0.229754257458699,221.0,0.851954120770571,41081.0,0.0032599950964587
28.675001,77.1875,0.4949793290360521,0.3670087683442612,218.0,1.3471001981588684,44888.0,0.0034595958833744
28.675001,77.2,0.5341253120401891,0.2745683538958003,224.0,0.0,44888.0,0.0115186809980845
28.675001,77.2125,0.477077436930851,0.4092827949140253,245.0,0.0,48601.0,0.0025015029812904
28.675001,77.225,0.4970892583274232,0.3620263225558726,219.0,0.0,48601.0,0.0156255940722239
28.675001,77.25,0.5594811524709311,0.2146923661639524,204.0,0.0,13150.0,0.002456737758282
28.687501,76.9625,0.5949122196794724,0.1310244573324718,216.0,0.0,31885.0,0.0003593532182538
28.687501,76.975,0.5949122196794724,0.1310244573324718,216.0,0.0,31885.0,0.0003593532182538
28.687501,76.9875,0.5949122196794724,0.1310244573324718,216.0,0.0,31885.0,0.0003593532182538
28.687501,77.0,0.5949122196794724,0.1310244573324718,216.0,0.9234554455546604,31885.0,0.0005447836188663
28.687501,77.0125,0.5949122196794724,0.1310244573324718,215.0,0.0,31885.0,0.0008942888566523
28.687501,77.025,0.5949122196794724,0.1310244573324718,218.0,0.0,31885.0,0.000818912586094
28.687501,77.0375,0.5949122196794724,0.1310244573324718,213.0,0.0,66035.0,0.002456737758282
28.687501,77.05,0.5949122196794724,0.1310244573324718,212.0,0.8481165207129734,35692.0,0.002954929319248
28.687501,77.0625,0.5734604205206855,0.18168133328048,220.0,0.0,86723.0,0.000409456293047
28.687501,77.075,0.5404521446282505,0.2596279952254199,211.0,0.9586216119072108,22907.0,0.0027993735265665
28.687501,77.0875,0.5569732822517331,0.2206145207416294,217.0,0.0,31483.0,0.0039215731098002
28.687501,77.1,0.4842208961496507,0.3924140313754588,219.0,0.0,1677.0,0.000818912586094
28.687501,77.1125,0.4629321655982069,0.4426858325727644,215.0,0.0,1677.0,0.0020785803167941
28.687501,77.125,0.4953456124602826,0.3661438164656,214.0,0.0,10377.0,0.0021791344754655
28.687501,77.1375,0.5735526497982861,0.1814635404958465,219.0,0.0,11684.0,0.0032687017131983
28.687501,77.15,0.5608120305410575,0.2115495936253282,220.0,0.0,5917.0,0.001796766091269
28.687501,77.1625,0.5101190050221736,0.3312575158434727,219.0,0.8873005313286595,15738.0,0.001637825172188
28.687501,77.175,0.503412539460039,0.3470943503912864,224.0,0.0,3832.0,0.001637825172188
28.687501,77.1875,0.5198174704569931,0.3083552894716367,215.0,0.418896496345117,22284.0,0.0041571606335883
28.687501,77.2,0.5719085223373537,0.1853460288696505,214.0,0.9705747165396622,254.0,0.0034484921049402
28.687501,77.2125,0.4525290493258609,0.4672520410562648,223.0,0.0645577678282308,70476.0,0.0115065904409844
28.687501,77.225,0.5007289780068226,0.3534313871418267,215.0,0.6209350782022274,15288.0,0.0074486412409205
28.700001,76.975,0.5991085715154623,0.1211150752421186,215.0,1.6259332155845423,31885.0,0.0014374128730152
28.700001,76.9875,0.5991085715154623,0.1211150752421186,215.0,0.8719940856456734,31885.0,0.0014374128730152
28.700001,77.0,0.5991085715154623,0.1211150752421186,215.0,0.7725962920557076,31885.0,0.0018907791702766
28.700001,77.0125,0.5991085715154623,0.1211150752421186,212.0,0.8887719501910635,31885.0,0.000818912586094
28.700001,77.025,0.5991085715154623,0.1211150752421186,213.0,0.0,31885.0,0.0032599950964587
28.700001,77.0375,0.5991085715154623,0.1211150752421186,211.0,0.0,144476.0,0.000818912586094
28.700001,77.05,0.5991085715154623,0.1211150752421186,215.0,0.5259340398209935,86723.0,0.0017885777133046
28.700001,77.0625,0.5945744877635933,0.1318219868841765,215.0,0.4981328708510918,86723.0,0.0038276983907975
28.700001,77.075,0.5524911523297872,0.231198747162837,220.0,0.3033856718460271,17726.0,0.0026454148751495
28.700001,77.0875,0.5502820980255937,0.2364152695170521,217.0,0.8238018318734197,10389.0,0.0012798534442316
28.700001,77.1,0.5588410105354167,0.2162040151578873,217.0,0.0,14863.0,0.0010895672377327
28.700001,77.1125,0.555361891723262,0.2244197032114234,215.0,0.0,14855.0,0.0016767844316196
28.700001,77.125,0.5548578607122548,0.2256099360776527,213.0,0.0,1677.0,0.0016343508565991
28.700001,77.1375,0.549461720810478,0.2383525311196375,218.0,0.0,7976.0,0.0040614620502951
28.700001,77.15,0.5089044270996324,0.3341256539747286,219.0,0.4448992350582677,7976.0,0.000409456293047
28.700001,77.1625,0.540975813513174,0.2583913889368263,219.0,0.4772154725965509,16317.0,0.0010895672377327
28.700001,77.175,0.5660168686642769,0.1992587439308218,221.0,0.0,12642.0,0.0037976787186621
28.700001,77.1875,0.5619028978862745,0.2089735890966008,216.0,0.0,22095.0,0.001796766091269
28.700001,77.2,0.4971979314207108,0.3617696988869298,221.0,0.0,22095.0,0.0027993735265665
28.700001,77.2125,0.4920962155599264,0.3738170327990543,213.0,0.9957407523701132,70476.0,0.0044515912199672
28.700001,77.225,0.535472136338174,0.2713879254906221,216.0,0.5376053745615378,48601.0,0.0049503779238535
28.712501,76.95,0.5827260487363256,0.1598012207721644,212.0,0.0,31885.0,0.0035935321825381
28.712501,76.9625,0.5827260487363256,0.1598012207721644,212.0,0.6966818490928582,31885.0,0.0035935321825381
28.712501,76.975,0.5827260487363256,0.1598012207721644,212.0,0.0,31885.0,0.0035935321825381
28.712501,76.9875,0.5827260487363256,0.1598012207721644,212.0,0.8901659685649373,31885.0,0.0035935321825381
28.712501,77.0,0.5827260487363256,0.1598012207721644,212.0,0.9674013157145456,654623.0,0.0037976787186621
28.712501,77.0125,0.5827260487363256,0.1598012207721644,215.0,1.240354981668667,31885.0,0.0012798534442316
28.712501,77.025,0.5827260487363256,0.1598012207721644,209.0,0.6824354194699936,144476.0,0.0010895672377327
28.712501,77.0375,0.5827260487363256,0.1598012207721644,213.0,0.0,144476.0,0.002047281465235
28.712501,77.05,0.5827260487363256,0.1598012207721644,214.0,0.0,144476.0,0.0013538206834317
28.712501,77.0625,0.5511590550440141,0.2343443987912435,211.0,0.3652415962121511,185895.0,0.0016767844316196
28.712501,77.075,0.5659389853685446,0.199442659714348,218.0,0.0,185895.0,0.0025015029812904
28.712501,77.0875,0.5898222863301525,0.1430439676938911,216.0,0.5172663370996629,42304.0,0.0014231756901801
28.712501,77.1,0.5753227884360328,0.1772834858198088,221.0,0.43360994468366,26313.0,0.001796766091269
28.712501,77.1125,0.5400361011931091,0.2606104517796204,216.0,0.0,20161.0,0.001637825172188
28.712501,77.125,0.5308685610710093,0.2822589363321793,217.0,0.0,19837.0,0.0052316928463556
28.712501,77.1375,0.539806354890845,0.2611529810960267,228.0,0.0087841924117021,13231.0,0.0014231756901801
28.712501,77.15,0.4723063516273474,0.4205493686204059,220.0,0.9359451911303178,17632.0,0.0046312419268524
28.712501,77.1625,0.5138732550892019,0.3223921251825054,217.0,0.0,11840.0,0.0032687017131983
28.712501,77.175,0.5725499011649061,0.1838314590444107,214.0,0.3527011336696324,12273.0,0.0054807698942938
28.712501,77.1875,0.4990405077036384,0.3574185879382344,210.0,0.0484271634514372,64288.0,0.0040595186180031
28.712501,77.2,0.4512412096079812,0.470293181631312,207.0,1.1706424789571253,64288.0,0.0054521494205746
28.712501,77.2125,0.5169630437318076,0.3150958122338581,212.0,1.265717835652841,14604.0,0.0021697696513161
28.712501,77.225,0.5160416823139671,0.3172715407450821,202.0,1.9334481532357544,14604.0,0.0038134853320647
28.712501,77.25,0.5466048458702746,0.2450988351649826,206.0,0.0,47085.0,0.0010895672377327
28.725001,76.9625,0.5566580791014324,0.2213588502388905,205.0,0.0,31885.0,0.0007187064365076
28.725001,76.975,0.5566580791014324,0.2213588502388905,205.0,0.0,31885.0,0.0007187064365076
28.725001,76.9875,0.5566580791014324,0.2213588502388905,205.0,0.0,654623.0,0.0007187064365076
28.725001,77.0,0.5566580791014324,0.2213588502388905,205.0,0.8713377612452651,654623.0,0.0025597068884632
28.725001,77.0125,0.5566580791014324,0.2213588502388905,211.0,1.5794743015130106,654623.0,0.0025597068884632
28.725001,77.025,0.5566580791014324,0.2213588502388905,211.0,0.4461360231892715,654623.0,0.0010780596547614
28.725001,77.0375,0.5566580791014324,0.2213588502388905,211.0,0.0,654623.0,0.0030622346348864
28.725001,77.05,0.5566580791014324,0.2213588502388905,218.0,0.0,654623.0,0.0032432951509065
28.725001,77.0625,0.5682860703646572,0.1939001878401973,216.0,0.0,972982.0,0.0013538206834317
28.725001,77.075,0.5198729473345153,0.3082242848280717,216.0,0.0,185895.0,0.0008271598381167
28.725001,77.0875,0.5351215986012577,0.2722156950647555,215.0,0.0,185895.0,0.0017885777133046
28.725001,77.1,0.4991936147610074,0.3570570366690615,212.0,0.8669073687284126,20161.0,0.0028748257460305
28.725001,77.1125,0.4777450337460462,0.4077063132026171,215.0,0.0,19837.0,0.0032687017131983
28.725001,77.125,0.519534805520152,0.3090227823254726,218.0,0.5648032013266184,19837.0,0.000409456293047
28.725001,77.1375,0.4946706413481412,0.3677377120471846,216.0,1.6451066497396691,21596.0,0.0023063972555829
28.725001,77.15,0.533223700732733,0.2766974439463391,216.0,0.4616915712057693,7902.0,0.0048303892594247
28.725001,77.1625,0.5796688891613971,0.1670204825317069,213.0,0.4287473552686882,16853.0,0.0034484921049402
28.725001,77.175,0.5557671357756025,0.2234627486205226,208.0,0.9937242242640016,6759.0,0.0029732493798523
28.725001,77.1875,0.527049017557699,0.2912785127555642,208.0,1.7166871147619192,64288.0,0.0008942888566523
28.725001,77.2,0.5109786604883324,0.3292275014850081,206.0,1.73175360527797,64288.0,0.001228368879141
28.725001,77.2125,0.5468495740862716,0.2445209271402536,211.0,1.2790580393160424,89403.0,0.0018907791702766
28.725001,77.225,0.5359696658483541,0.2702130454495071,209.0,0.7320156429999772,89403.0,0.0019745850729704
28.725001,77.25,0.5429720746400865,0.2536773623175526,213.0,0.0,47085.0,0.0034484921049402
28.7375,76.9625,0.5217603544584863,0.3037673090828356,214.0,0.0,654623.0,0.0028748257460305
28.7375,76.975,0.5217603544584863,0.3037673090828356,214.0,0.1469625241742545,654623.0,0.0028748257460305
28.7375,76.9875,0.5217603544584863,0.3037673090828356,214.0,0.2766441149382164,654623.0,0.0028748257460305
28.7375,77.0,0.5217603544584863,0.3037673090828356,214.0,1.6420279068327357,654623.0,0.0029038384125077
28.7375,77.0125,0.5217603544584863,0.3037673090828356,213.0,1.3793633190190286,654623.0,0.000818912586094
28.7375,77.025,0.5217603544584863,0.3037673090828356,212.0,0.8547434964715196,654623.0,0.0021765244060144
28.7375,77.0375,0.5217603544584863,0.3037673090828356,216.0,0.0,654623.0,0.0040998023508351
28.7375,77.05,0.5217603544584863,0.3037673090828356,221.0,0.0,654623.0,0.000818912586094
28.7375,77.0625,0.5787583859512251,0.1691705701689509,214.0,0.0,972982.0,0.0021697696513161
28.7375,77.075,0.5306656237929563,0.282738158072205,216.0,0.0,110210.0,0.0010780596547614
28.7375,77.0875,0.5474140725713631,0.2431879046967535,214.0,0.0,110210.0,0.0012798534442316
28.7375,77.1,0.4938077399113854,0.3697753915310147,213.0,0.649660405251788,110210.0,0.0021791344754655
28.7375,77.1125,0.5492076763452896,0.2389524387946566,210.0,0.8283589042888935,37049.0,0.0021791344754655
28.7375,77.125,0.5402532560675049,0.2600976562116428,217.0,0.6184201582533878,37049.0,0.004913475516564
28.7375,77.1375,0.5391624616047654,0.2626734886336581,222.0,0.6529797566271103,21596.0,0.0041571606335883
28.7375,77.15,0.5229902211720401,0.3008630675747029,207.0,0.9920147088042304,25416.0,0.0043582689509311
28.7375,77.1625,0.5578327831173391,0.2185848714612159,214.0,1.775572329597716,39557.0,0.0053712328186038
28.7375,77.175,0.5210589542554194,0.30542361505576,220.0,1.489017486421906,309.0,0.002047281465235
28.7375,77.1875,0.5667253314525147,0.1975857601725882,209.0,0.8438912660432895,142381.0,0.0053712328186038
28.7375,77.2,0.5061801613720524,0.3405588109323306,207.0,0.0,89403.0,0.0014945936649891
28.7375,77.2125,0.4891559342107744,0.3807602950612887,208.0,0.0,89403.0,0.0014374128730152
28.7375,77.225,0.4841314460431712,0.3926252613480093,207.0,0.4605968373623833,89403.0,0.0005447836188663
28.7375,77.25,0.5067323125688266,0.3392549457193246,209.0,0.0,47085.0,0.0010780596547614
28.75,76.9625,0.4482133618810064,0.4774432255767864,213.0,0.7912765741700608,654623.0,0.0003593532182538
28.75,76.975,0.4482133618810064,0.4774432255767864,213.0,0.6375403225045149,654623.0,0.0003593532182538
28.75,76.9875,0.4482133618810064,0.4774432255767864,213.0,0.728111965435003,654623.0,0.0003593532182538
28.75,77.0,0.4482133618810064,0.4774432255767864,213.0,1.0493696816388176,972982.0,0.0008942888566523
28.75,77.0125,0.4482133618810064,0.4774432255767864,211.0,0.7511813436590413,972982.0,0.001228368879141
28.75,77.025,0.4482133618810064,0.4774432255767864,216.0,1.8328452945661349,654623.0,0.0023137791634292
28.75,77.0375,0.4482133618810064,0.4774432255767864,216.0,0.1011223527482546,972982.0,0.000818912586094
28.75,77.05,0.4482133618810064,0.4774432255767864,218.0,0.0,972982.0,0.0016543196762334
28.75,77.0625,0.4726270821294326,0.4197919866807088,214.0,0.0,972982.0,0.0025485793089317
28.75,77.075,0.4892789741270686,0.380469745176394,219.0,0.0,110210.0,0.0
28.75,77.0875,0.5358902488615894,0.2704005829337491,214.0,0.0,110210.0,0.0014231756901801
28.75,77.1,0.5311174318699121,0.2816712458968092,216.0,0.2778485917656164,110210.0,0.0027239180943319
28.75,77.1125,0.5434360000778893,0.2525818358687943,219.0,0.2905297774023451,110210.0,0.0026454148751495
28.75,77.125,0.4627028900607804,0.443227250211973,218.0,0.8634776397368401,110210.0,0.0014945936649891
28.75,77.1375,0.58416784289957,0.156396527882332,218.0,0.0,27180.0,0.006212021883888
28.75,77.15,0.5818424461888889,0.1618877844352645,208.0,0.8531764802270718,25416.0,0.002954929319248
28.75,77.1625,0.5934631478553241,0.1344463358934394,211.0,0.0685663804235871,39557.0,0.001796766091269
28.75,77.175,0.5462374511688493,0.2459664112445598,208.0,0.2233561772108797,309.0,0.0046895015460323
28.75,77.1875,0.5867379491725859,0.150327407353948,210.0,0.0624330929005503,142381.0,0.0010895672377327
28.75,77.2,0.5969836504212301,0.1261329230912922,210.0,0.0618779120323188,142381.0,0.001228368879141
28.75,77.2125,0.4447557977153439,0.4856080138878174,207.0,0.0,73000.0,0.0003593532182538
28.75,77.225,0.5164385051053242,0.3163344723543926,210.0,0.8893345310602214,89403.0,0.0007187064365076
28.75,77.25,0.5130710494016686,0.324286476033796,210.0,0.0,47085.0,0.0025597068884632
28.7625,76.95,0.5362689364919642,0.2695063394172522,215.0,0.4359429241693751,654623.0,0.0007187064365076
28.7625,76.9625,0.5362689364919642,0.2695063394172522,215.0,0.469125339403167,654623.0,0.0007187064365076
28.7625,76.975,0.5362689364919642,0.2695063394172522,215.0,1.14510834820762,972982.0,0.0007187064365076
28.7625,76.9875,0.5362689364919642,0.2695063394172522,215.0,0.0323612633259395,972982.0,0.0007187064365076
28.7625,77.0,0.5362689364919642,0.2695063394172522,215.0,0.8110866363259481,972982.0,0.0010895672377327
28.7625,77.0125,0.5362689364919642,0.2695063394172522,213.0,0.961468800012064,972982.0,0.001796766091269
28.7625,77.025,0.5362689364919642,0.2695063394172522,215.0,0.8236457661995557,972982.0,0.0018907791702766
28.7625,77.0375,0.5362689364919642,0.2695063394172522,216.0,0.589054260444343,972982.0,0.0023063972555829
28.7625,77.05,0.5362689364919642,0.2695063394172522,217.0,0.0,972982.0,0.0020785803167941
28.7625,77.0625,0.4856078736764353,0.3891387840175597,221.0,0.1936034650033327,972982.0,0.0005447836188663
28.7625,77.075,0.4757008107667631,0.4125335982757758,216.0,1.028581400386853,972982.0,0.0025015029812904
28.7625,77.0875,0.4317425302366014,0.5163379061206042,216.0,0.8646303183214679,110210.0,0.0029891873299783
28.7625,77.1,0.4900147899018913,0.3787321693138813,218.0,0.6061820568528308,189328.0,0.0021946537159226
28.7625,77.1125,0.3573911338227536,0.6919133642357201,217.0,0.7128839312563183,189328.0,0.0021765244060144
28.7625,77.125,0.4097045021193853,0.5683791194570273,221.0,0.0,189328.0,0.0035771554266093
28.7625,77.1375,0.5590366608492908,0.2157420010580093,209.0,0.0,27180.0,0.0078431462196005
28.7625,77.15,0.5610549824107565,0.2109758803142172,205.0,0.8338219942266457,27180.0,0.0003593532182538
28.7625,77.1625,0.5274586451849882,0.2903112066687008,209.0,0.0,309.0,0.000818912586094
28.7625,77.175,0.5642907983445626,0.2033347344533925,207.0,0.7581204191439415,309.0,0.000818912586094
28.7625,77.1875,0.578356992821513,0.170118431083912,211.0,0.0,142381.0,0.0021561193095228
28.7625,77.2,0.5267376049184397,0.2920138912344895,207.0,1.2445220055786628,73000.0,0.000818912586094
28.7625,77.2125,0.373667266253546,0.6534784518371356,209.0,0.8791569309607646,73000.0,0.0013538206834317
28.7625,77.225,0.5017582874881796,0.3510007470671524,209.0,0.68548804611386,89403.0,0.0012798534442316
28.775,76.9625,0.5519593452223976,0.2324545712766045,215.0,0.7749193909112265,972982.0,0.0003593532182538
28.775,76.975,0.5519593452223976,0.2324545712766045,215.0,0.0,972982.0,0.0003593532182538
28.775,76.9875,0.5519593452223976,0.2324545712766045,215.0,0.774625015818474,972982.0,0.0003593532182538
28.775,77.0,0.5519593452223976,0.2324545712766045,215.0,0.4098585651444592,972982.0,0.0005447836188663
28.775,77.0125,0.5519593452223976,0.2324545712766045,216.0,1.0781807577998683,972982.0,0.0023137791634292
28.775,77.025,0.5519593452223976,0.2324545712766045,220.0,0.8207354918362857,972982.0,0.0024828804136401
28.775,77.0375,0.5519593452223976,0.2324545712766045,222.0,0.0,972982.0,0.0029038384125077
28.775,77.05,0.5519593452223976,0.2324545712766045,219.0,0.0079190099993068,972982.0,0.0037545372379371
28.775,77.0625,0.4250827535325059,0.5320644882987995,213.0,0.5626542901382452,972982.0,0.0017885777133046
28.775,77.075,0.4557210529367612,0.4597143548348861,215.0,0.2418177322704018,189328.0,0.0039555235679603
28.775,77.0875,0.3828221589396691,0.6318598332921124,222.0,0.8684208770784396,189328.0,0.002866194051329
28.775,77.1,0.4465860494953435,0.4812860063635635,222.0,0.3639409384684954,189328.0,0.0041300710909874
28.775,77.1125,0.4699900595538999,0.4260191252294184,214.0,0.0,189328.0,0.0039215731098002
28.775,77.125,0.5205303534125608,0.3066718678071722,214.0,0.0,189328.0,0.005133730434139
28.775,77.1375,0.471395998908531,0.4226991008831716,206.0,0.0,309.0,0.0028886334269587
28.775,77.15,0.5017366330517792,0.3510518824563262,207.0,0.8800310525213416,309.0,0.0021697696513161
28.775,77.1625,0.4457603529126368,0.4832358292689179,211.0,0.0,309.0,0.0005447836188663
28.775,77.175,0.5554163041695559,0.2242912121454044,208.0,0.0,73000.0,0.0028886334269587
28.775,77.1875,0.5085777981107056,0.3348969647655212,204.0,0.0,73000.0,0.0010895672377327
28.775,77.2,0.3815632694184154,0.6348326100666084,210.0,1.1656241904749198,73000.0,0.002682866569957
28.775,77.2125,0.5052532067542579,0.342747747381692,210.0,1.009293054627569,73000.0,0.000409456293047
28.775,77.225,0.4187868871307025,0.546931722554568,209.0,0.1001774303811863,73000.0,0.0012798534442316
28.7875,76.9625,0.5564739395831332,0.221793682425532,214.0,0.6408178778607708,972982.0,0.0014374128730152
28.7875,76.975,0.5564739395831332,0.221793682425532,214.0,1.0116149329676432,972982.0,0.0014374128730152
28.7875,76.9875,0.5564739395831332,0.221793682425532,214.0,1.1393323403122877,972982.0,0.0014374128730152
28.7875,77.0,0.5564739395831332,0.221793682425532,214.0,0.8225815798662987,615478.0,0.0016543196762334
28.7875,77.0125,0.5564739395831332,0.221793682425532,216.0,0.8143546540937879,615478.0,0.0010895672377327
28.7875,77.025,0.5564739395831332,0.221793682425532,216.0,0.9834032099672214,615478.0,0.0035771554266093
28.7875,77.0375,0.5564739395831332,0.221793682425532,224.0,0.935636847253318,615478.0,0.001228368879141
28.7875,77.05,0.5564739395831332,0.221793682425532,219.0,0.6440697049600269,615478.0,0.0021697696513161
28.7875,77.0625,0.5168026162109929,0.3154746502492804,219.0,1.4566101425961278,189328.0,0.0014945936649891
28.7875,77.075,0.4319267254231678,0.5159029424773662,220.0,1.369521957200805,189328.0,0.001228368879141
28.7875,77.0875,0.2840489988578389,0.8651055242582486,216.0,0.0,189328.0,0.0049030525697975
28.7875,77.1,0.3280767887011528,0.761137075185567,211.0,0.6068504571591432,189328.0,0.0054315531434288
28.7875,77.1125,0.3108697069355665,0.801770357269485,211.0,0.7427975438329375,189328.0,0.0008271598381167
28.7875,77.125,0.4035451007548462,0.5829241013733646,210.0,1.1617083843852454,189328.0,0.000409456293047
28.7875,77.1375,0.5297299205072824,0.2849477538695399,210.0,0.7683861478907378,189328.0,0.0027993735265665
28.7875,77.15,0.4876961003682969,0.3842075873520519,207.0,0.8666777721330537,309.0,0.0014374128730152
28.7875,77.1625,0.4663327139976033,0.4346556828800353,210.0,1.3331647974331216,309.0,0.0011531986277914
28.7875,77.175,0.396574493601309,0.5993846872312363,206.0,0.7288010404482842,296897.0,0.0012798534442316
28.7875,77.1875,0.3489841519901364,0.7117658452625905,213.0,0.7289151341668982,296897.0,0.0033086393524669
28.7875,77.2,0.4264352978336626,0.5288705525188342,210.0,0.996989570579817,296897.0,0.0016767844316196
28.7875,77.2125,0.3774831522542404,0.6444675123659007,209.0,0.2544322679608813,73000.0,0.0014374128730152
28.8,76.95,0.5668354361872147,0.197325755785744,219.0,0.9381828424401012,615478.0,0.0025154725277767
28.8,76.9625,0.5668354361872147,0.197325755785744,219.0,0.463608757746391,615478.0,0.0025154725277767
28.8,76.975,0.5668354361872147,0.197325755785744,219.0,0.0087858007876905,615478.0,0.0025154725277767
28.8,76.9875,0.5668354361872147,0.197325755785744,219.0,0.9415531468239146,615478.0,0.0025154725277767
28.8,77.0,0.5668354361872147,0.197325755785744,219.0,1.6427729166084355,615478.0,0.0025485793089317
28.8,77.0125,0.5668354361872147,0.197325755785744,218.0,0.0,615478.0,0.0016343508565991
28.8,77.025,0.5668354361872147,0.197325755785744,216.0,0.8862317631645726,615478.0,0.0016767844316196
28.8,77.0375,0.5668354361872147,0.197325755785744,222.0,1.0692997773100157,615478.0,0.0027239180943319
28.8,77.05,0.5668354361872147,0.197325755785744,221.0,1.930649992586549,615478.0,0.0032432951509065
28.8,77.0625,0.5106324032104018,0.3300451630640856,217.0,1.9662545182807043,615478.0,0.0028463513803602
28.8,77.075,0.5493764948380615,0.2385537861043728,215.0,0.3843418767952672,189328.0,0.0024312218494796
28.8,77.0875,0.4888070307081453,0.3815842055090642,213.0,0.0,189328.0,0.002954929319248
28.8,77.1,0.4518676247092198,0.4688139475661168,208.0,0.0,189328.0,0.0005447836188663
28.8,77.1125,0.3815368474655647,0.6348950036018992,212.0,0.6713983545848123,189328.0,0.0024828804136401
28.8,77.125,0.4835786192328605,0.3939307219736359,214.0,0.3342995339756557,189328.0,0.0018428301176858
28.8,77.1375,0.5248138459237589,0.2965567092995883,213.0,0.6823224211482062,189328.0,0.0021765244060144
28.8,77.15,0.4434604139881796,0.4886669690964834,211.0,0.91522811707102,189328.0,0.0027239180943319
28.8,77.1625,0.3643144290195035,0.6755645021502039,208.0,0.3770657649219079,296897.0,0.0013538206834317
28.8,77.175,0.3865041464048463,0.6231650855516087,209.0,0.0,296897.0,0.0036252427322418
28.8,77.1875,0.3390011889462175,0.7353398922115714,212.0,0.0,296897.0,0.0007187064365076
28.8125,76.95,0.4301940168384315,0.5199946087838299,221.0,0.0,615478.0,0.0
28.8125,76.9625,0.4301940168384315,0.5199946087838299,221.0,0.6244242152100163,615478.0,0.0
28.8125,76.975,0.4301940168384315,0.5199946087838299,221.0,0.6310499507748335,615478.0,0.0
28.8125,76.9875,0.4301940168384315,0.5199946087838299,221.0,0.837930630318006,615478.0,0.0
28.8125,77.0,0.4301940168384315,0.5199946087838299,221.0,0.9369994361104096,615478.0,0.000818912586094
28.8125,77.0125,0.4301940168384315,0.5199946087838299,219.0,0.0896275795457527,615478.0,0.001637825172188
28.8125,77.025,0.4301940168384315,0.5199946087838299,217.0,0.3089818688617251,615478.0,0.0010780596547614
28.8125,77.0375,0.4301940168384315,0.5199946087838299,219.0,2.8196606189775024,615478.0,0.0021697696513161
28.8125,77.05,0.4301940168384315,0.5199946087838299,212.0,0.3704255134862849,615478.0,0.0016767844316196
28.8125,77.0625,0.4799261367777778,0.4025557957616128,215.0,0.0711115731597041,189328.0,0.0014231756901801
28.8125,77.075,0.4753693990750591,0.4133162030741008,215.0,0.55546432166659,189328.0,0.0005447836188663
28.8125,77.0875,0.4436627622578399,0.4881891382572797,214.0,1.0245977408326867,189328.0,0.0012798534442316
28.8125,77.1,0.4330611558228637,0.513224066938598,212.0,0.7713214820464702,189328.0,0.0033086393524669
28.8125,77.1125,0.454307098721661,0.4630533056958518,210.0,0.6327985152611143,189328.0,0.0028886334269587
28.8125,77.125,0.4421764524026749,0.4916989517417377,205.0,0.4263894484186594,189328.0,0.0057659931389574
28.8125,77.1375,0.5405487566160752,0.2593998529868087,215.0,0.5481366946596046,296897.0,0.0028886334269587
28.8125,77.15,0.4609773792453704,0.4473019195054979,212.0,0.0,296897.0,0.000818912586094
28.8125,77.1625,0.3886692480960134,0.6180523541218372,213.0,0.0,296897.0,0.001228368879141
28.8125,77.175,0.3872885896113426,0.6213126795177091,215.0,0.0,296897.0,0.0016543196762334
28.8125,77.1875,0.2953312804757974,0.8384632302436082,211.0,0.0,296897.0,0.0024828804136401
28.8125,77.2,0.3243636890840535,0.7699052920280668,209.0,0.0,296897.0,0.002954929319248
28.8125,77.2125,0.4707955368554269,0.4241170486977313,204.0,0.7709453468393428,296897.0,0.0008271598381167
28.825,76.9875,0.3550241105431173,0.6975029189278483,219.0,0.8052063098035923,615478.0,0.0010780596547614
28.825,77.0,0.3550241105431173,0.6975029189278483,219.0,0.3453424052980938,615478.0,0.0011531986277914
28.825,77.0125,0.3550241105431173,0.6975029189278483,218.0,1.6624859798086629,615478.0,0.0035935321825381
28.825,77.025,0.3550241105431173,0.6975029189278483,219.0,2.346205592587686,615478.0,0.0013538206834317
28.825,77.0375,0.3550241105431173,0.6975029189278483,220.0,0.0968518667169422,615478.0,0.0011531986277914
28.825,77.05,0.3550241105431173,0.6975029189278483,220.0,0.0,33118.0,0.0029038384125077
28.825,77.0625,0.3923552105596927,0.6093482197091703,219.0,0.0,189328.0,0.0019607865549001
28.825,77.075,0.4639864198031915,0.4401962873330266,216.0,0.0,189328.0,0.002954929319248
28.825,77.0875,0.5021893348391206,0.3499828598483364,212.0,0.0,189328.0,0.0035935321825381
28.825,77.1,0.506510062501182,0.3397797732185366,216.0,0.0,1317.0,0.0005447836188663
28.825,77.1125,0.4890891651145888,0.3809179654644841,211.0,0.0,1317.0,0.0053350480583813
28.825,77.125,0.470765379966312,0.4241882620155311,229.0,0.0,296897.0,0.0011531986277914
28.825,77.1375,0.4219917368575649,0.539363701157203,212.0,1.040094561430288,296897.0,0.0076791206653897
28.825,77.15,0.4694355923687943,0.4273284594817685,211.0,0.0,296897.0,0.0016767844316196
28.825,77.1625,0.3555792039964539,0.6961921057882563,208.0,0.0,296897.0,0.0008942888566523
28.825,77.175,0.488265380432033,0.3828632735555775,213.0,0.0,296897.0,0.0016343508565991
28.825,77.1875,0.3987854708693853,0.5941636239365553,211.0,0.0,296897.0,0.000818912586094
28.825,77.2,0.3644562729775413,0.6752295478774593,211.0,0.0,296897.0,0.0005447836188663
28.825,77.2125,0.3535904331235225,0.700888444713182,212.0,0.1030102693900575,296897.0,0.0029732493798523
28.8375,77.0,0.2657345008632696,0.9083538898658916,224.0,1.3213909830191808,615478.0,0.0020785803167941
28.8375,77.0125,0.2657345008632696,0.9083538898658916,229.0,0.1875903695968254,615478.0,0.0024312218494796
28.8375,77.025,0.2657345008632696,0.9083538898658916,220.0,1.06312323346877,615478.0,0.0033828149116687
28.8375,77.05,0.2657345008632696,0.9083538898658916,220.0,0.0,33118.0,0.0019607865549001
28.8375,77.0625,0.2269248839753521,1.0,218.0,0.0,33118.0,0.0018907791702766
28.8375,77.075,0.4425117488890845,0.4909071732810067,217.0,0.0,33118.0,0.0032687017131983
28.8375,77.0875,0.4890965988448805,0.3809004112467502,224.0,0.0,33118.0,0.0042787584982617
28.8375,77.1,0.5306754221184116,0.2827150200336,213.0,0.0,1317.0,0.0055135976292507
28.8375,77.1125,0.4589198565043879,0.4521606110063206,211.0,0.0,1317.0,0.0023137791634292
28.8375,77.125,0.5037012348076311,0.3464126171575615,208.0,0.0,1317.0,0.0061636479761836
28.8375,77.1375,0.391827280817122,0.6105948877056732,209.0,0.93936543246396,1317.0,0.002047281465235
28.8375,77.15,0.3523107383549667,0.7039103515780657,213.0,0.0,296897.0,0.0016343508565991
28.8375,77.1625,0.2850644654938281,0.8627075730641374,212.0,0.0,296897.0,0.0011531986277914
28.8375,77.175,0.3735572190973502,0.6537383202564966,212.0,0.0,296897.0,0.000409456293047
28.8375,77.1875,0.4146719896353686,0.5566487560964617,211.0,0.0,296897.0,0.0010895672377327
28.8375,77.2,0.3619332975414746,0.6811873723349176,210.0,0.0,296897.0,0.0014945936649891
28.8375,77.2125,0.3622305049468766,0.6804855384908267,210.0,0.0,296897.0,0.0016767844316196
28.85,77.05,0.3655754111538697,0.6725867838208264,217.0,0.0,33118.0,0.0021946537159226
28.85,77.0625,0.3158429646013412,0.7900263681165082,223.0,0.0,33118.0,0.0041357991905836
28.85,77.075,0.3784610849415886,0.6421581948833992,222.0,0.0,33118.0,0.0035935321825381
28.85,77.0875,0.4642818203164091,0.4394987203344603,223.0,0.0,1317.0,0.0041571606335883
28.85,77.1,0.4638420623556459,0.4405371770298935,212.0,0.0,1317.0,0.00618375222037
28.85,77.1125,0.4918491872350111,0.3744003723650391,208.0,0.0,1317.0,0.0021561193095228
28.85,77.125,0.4920972191204812,0.3738146629632117,212.0,0.7718810575817086,1317.0,0.0033086393524669
28.85,77.1375,0.4404979403562865,0.4956626368332189,212.0,0.3477906999258388,1317.0,0.0023063972555829
28.85,77.175,0.3409695646385045,0.730691715034208,213.0,0.0,296897.0,0.0010895672377327
28.85,77.1875,0.3787066587655909,0.641578290016377,213.0,0.0,296897.0,0.0016543196762334
28.85,77.2,0.3427299667302257,0.7265346525091093,215.0,0.0,296897.0,0.0036856602353717
28.85,77.2125,0.4448254432030517,0.4854435510935764,211.0,0.8587741837704821,296897.0,0.0025597068884632
